Galaxy,n_points,n_valid_mond,acm_cpp,mond_cpp,delta_cpp_mond_minus_acm,T,D,e_D,f_D,Inc,e_Inc,L3.6,e_L3.6,Reff,SBeff,Rdisk,SBdisk,MHI,RHI,Vflat,e_Vflat,Qual,Ref,ba_obs,geometry_source,inc_true_deg,k_inc,velocity_shift_pct,correction_source_used,geometry_qc_flag,geometry_qc_reason,distance_edge_best_margin_shift,distance_edge_best_mode,distance_edge_flipped,best_ml_scale,ml_best_margin_shift,ml_flipped,distance_rel_err,distance_rel_err_pct,gas_to_light_proxy,gas_surface_proxy,pathology_group,n_rc_valid,gas_peak_radius_kpc,gas_peak_value,gas_outer_to_inner_ratio,gas_abs_slope_outer_mean,gas_abs_slope_outer_median,gas_abs_curvature_outer_mean,gas_abs_curvature_outer_median,vgas_high_freq_power_frac,vgas_smoothness_score
NGC5055,28,28,3463.2267528494544,8569.17656958872,5105.949816739267,4,9.9,0.3,2,55.0,6.0,152.922,0.282,4.18,1383.02,3.2,3348.34,11.722,35.06,179.0,4.9,1,"Ba06,Bl04",0.6025595860743578,hyperleda_vizier,53.77652012423312,1.015412854904321,1.5412854904321316,hyperleda_vizier,ok,,,,,,,,0.0303030303030303,3.03030303030303,0.0766534573181098,1.1447265624999998,acm_better_102,28,17.19,2233.5076,4.216232086687687,0.7718339953355587,0.7605315952495353,7.622153370878821,7.293354545184261,0.0276586843608655,0.9723413156391344
UGC03546,30,30,57.39415951764806,781.6659455186543,724.2717860010063,1,28.7,7.2,1,55.0,5.0,101.336,0.747,2.58,2403.42,3.79,922.21,2.675,18.37,196.9,7.4,1,"No07,No05",0.6309573444801932,hyperleda_vizier,51.39485716427571,1.048226855505066,4.8226855505066,hyperleda_vizier,ok,,,,,,,,0.2508710801393728,25.08710801393728,0.0263973316491671,0.1862281660528679,acm_better_102,20,18.08,1222.2016,33.72101070974617,1.8401070829073127,1.4655684603557997,9.828466708878064,8.173212477612154,0.0101798409173896,0.9898201590826105
NGC5371,19,19,309.5294227588673,1012.9745201870116,703.4450974281442,4,39.7,9.92,1,53.0,2.0,340.393,1.881,9.8,560.83,7.44,1395.82,11.18,30.03,209.5,3.9,1,"Sa96,Be87",0.660693448007596,hyperleda_vizier,49.35733787077215,1.0525167149730732,5.25167149730732,hyperleda_vizier,ok,,,,,,,,0.2498740554156171,24.98740554156171,0.0328443886918943,0.2019742166724476,acm_better_102,13,23.12,3341.9961000000003,1.0989257322008694,1.2402606715718718,1.1895597850656705,2.902203751111025,3.683152516559521,0.0091156831773339,0.990884316822666
UGC09133,68,68,107.68168949292944,669.8407891792873,562.1590996863579,2,57.1,11.4,1,53.0,6.0,282.926,2.345,5.92,1284.78,6.97,864.63,33.428,60.35,226.8,4.2,1,"No07,No05",0.5623413251903491,hyperleda_vizier,56.40028711249799,0.9588335752570736,-4.116642474292642,hyperleda_vizier,ok,,,,,,,,0.1996497373029772,19.96497373029772,0.1181510359599329,0.6880893519881269,acm_better_102,65,83.07,3020.6016,8.62617224842072,0.7614541535461737,0.6613487333962098,7.525663246516872,6.459378430335439,0.0397121946182111,0.9602878053817888
NGC2903,34,34,195.66969732795536,736.4403672571121,540.7706699291568,4,6.6,1.98,1,66.0,3.0,81.863,0.151,4.54,632.16,2.33,1193.52,2.552,13.76,184.6,5.6,1,"Be91,Be87",0.457088189614875,hyperleda_vizier,64.03414383326118,1.016117294092462,1.6117294092461876,hyperleda_vizier,ok,,,,,,,,0.3,30.0,0.0311740346676764,0.4700768111403783,acm_better_102,34,12.48,1433.3796,4.041519515988262,0.9096788307044856,0.7192064641749454,6.044571750737624,4.485365034147386,0.0250917080694291,0.9749082919305708
NGC5907,19,19,9.364976362568209,505.3177780023838,495.9528016398156,5,17.3,0.9,2,88.0,2.0,175.425,0.646,7.88,449.6,5.34,8646.29,21.025,0.0,215.0,2.9,1,"Sa96,SA87",0.1258925411794167,hyperleda_vizier,90.0,0.9993908270190958,-0.0609172980904237,hyperleda_vizier,ok,,,,,,,,0.0520231213872832,5.202312138728324,0.1198517885136098,0.7373157149069282,acm_better_102,16,35.23,4219.801599999999,1.912051234595928,0.4888501338277657,0.3609610848489666,7.955977846317149,6.224904114850668,0.0187158229263345,0.9812841770736654
NGC6946,58,58,114.02281390299994,545.8546494696975,431.8318355666976,6,5.52,1.66,2,38.0,2.0,66.173,0.122,4.2,571.26,2.44,2232.7,5.67,21.25,158.9,10.9,1,Bo08,0.933254300796991,hyperleda_vizier,21.49818693053321,1.6799696499719647,67.99696499719647,hyperleda_vizier,review,large_velocity_shift;large_inclination_delta;faceon_sensitive,,,,,,,0.3007246376811594,30.07246376811594,0.0856844936756683,0.9523649556570816,acm_better_102,58,14.31,2165.0409,2.466171257152441,1.584349399722016,0.7511535905776725,49.2858329618065,13.462130035352576,0.0163279356731142,0.9836720643268856
IC2574,34,34,136.3941085058351,551.1812075459843,414.7870990401492,9,3.91,0.2,2,75.0,7.0,1.016,0.012,3.18,15.88,2.78,80.32,1.036,10.81,66.4,2.0,2,"Sa96,MC94",0.457088189614875,hyperleda_vizier,66.72087737916742,1.0515304480944578,5.153044809445784,hyperleda_vizier,ok,,,,,,,,0.0511508951406649,5.115089514066496,1.0196850393700787,0.1340510325552507,acm_better_102,32,10.23,738.2089000000001,5.791210954553359,2.301767852624894,2.3876820119564,15.77893804476944,18.946396000520867,0.030465702862767,0.9695342971372328
NGC0801,13,13,81.72314578196345,487.7874516756337,406.0643058936702,5,80.7,8.07,1,80.0,1.0,312.57,3.455,7.76,818.14,8.72,1558.94,23.201,44.99,220.1,6.2,1,"Sa96,Br92",0.2187761623949552,hyperleda_vizier,82.11152753573934,0.994215922711213,-0.5784077288787048,hyperleda_vizier,ok,,,,,,,,0.1,10.0,0.0742265732475925,0.3051221488090228,acm_better_102,13,59.82,4474.2721,10.776970407860343,1.120310736867116,1.15146353244198,4.19231407778858,4.368403020479752,0.0308184051114801,0.9691815948885198
NGC0891,18,18,240.69940835382275,639.2504359065276,398.5510275527049,3,9.91,0.5,2,90.0,1.0,138.34,0.255,3.68,1617.45,2.55,5067.92,4.462,18.16,216.1,5.7,1,Fr11,0.1995262314968879,hyperleda_vizier,80.76015249730887,1.0131457343234531,1.3145734323453118,hyperleda_vizier,ok,,,,,,,,0.0504540867810292,5.045408678102927,0.0322538672835044,0.6861976163014225,acm_better_102,11,14.4,2433.4489,2.5919552575819944,1.8268869082591452,1.8181896046801715,14.300230921118125,14.422516953241852,0.0232410743160168,0.9767589256839831
NGC7331,36,36,170.38151470979048,557.2355374510146,386.85402274122407,3,14.7,1.5,3,75.0,2.0,250.631,0.693,3.99,2470.76,5.02,1806.47,11.067,27.01,239.0,5.4,1,"Be91,Be87",0.3981071705534972,hyperleda_vizier,67.52043368017026,1.045356223705692,4.535622370569192,hyperleda_vizier,ok,,,,,,,,0.1020408163265306,10.20408163265306,0.0441565488706504,0.4391596958778433,acm_better_102,29,23.48,4167.993600000001,1.822757606037836,1.2943819267126906,1.1455721086465331,11.796839336109944,8.998699136825316,0.0202944418557529,0.9797055581442472
UGC02916,43,43,261.95952174511353,626.2919117747387,364.3323900296251,2,65.4,9.8,1,50.0,5.0,124.153,1.83,2.8,2425.66,6.15,520.99,23.273,34.24,182.7,6.9,2,"No07,No05",0.9120108393559098,hyperleda_vizier,24.402966318416976,1.854148659673055,85.4148659673055,hyperleda_vizier,review,large_velocity_shift;large_inclination_delta,,,,,,,0.1498470948012232,14.984709480122325,0.1874541895886527,0.6153215678498247,acm_better_102,32,25.34,6347.3089,8.167171383913592,1.3641847955853814,1.3165611925901928,2.6978939125464176,2.022475762024849,0.0249186861515232,0.9750813138484768
NGC1090,24,24,8.45703863163079,328.7930190785201,320.3359804468893,4,37.0,9.25,1,64.0,3.0,72.045,0.796,6.36,283.68,3.53,2055.09,8.783,30.49,164.4,3.7,1,Ge04,0.4466835921509631,hyperleda_vizier,64.74028839253162,0.9938203349478116,-0.6179665052188366,hyperleda_vizier,ok,,,,,,,,0.25,25.0,0.1219099174127281,0.7048447543917374,acm_better_102,17,30.09,2759.4009,2.0448385223052923,1.0302533799875453,1.0863830045477982,3.4273636773961984,3.336725918500001,0.04077862538021,0.95922137461979
NGC2998,13,13,4.3652220755046125,256.38174374313087,252.01652166762625,5,68.1,10.2,1,58.0,2.0,150.902,2.085,7.06,479.55,6.2,774.16,23.451,43.58,209.9,8.1,1,"Sa96,Br92",0.5011872336272722,hyperleda_vizier,61.45357019903467,0.9654132309001024,-3.4586769099897663,hyperleda_vizier,ok,,,,,,,,0.1497797356828193,14.977973568281936,0.1554054949569919,0.6100676378772112,acm_better_102,12,37.3,4361.281600000001,15.107985713637904,0.8301098805644886,0.9267977534660244,2.5117326713392134,2.478925165008591,0.022149475692418,0.977850524307582
UGC03580,47,47,115.35858327174368,351.95669966411737,236.5981163923737,1,20.7,5.2,1,63.0,4.0,13.266,0.195,1.84,614.94,2.43,302.57,4.37,19.97,126.2,3.2,2,"No07,No05",0.5370317963702527,hyperleda_vizier,58.17927639790231,1.0486105507175525,4.861055071755227,hyperleda_vizier,ok,,,,,,,,0.251207729468599,25.120772946859905,0.3294135383687622,0.7400633372284035,acm_better_102,39,19.62,1614.4324,19.838603884281703,0.9639265444364996,1.0450173367048805,9.002002458218232,2.7412317769037853,0.027462257075457,0.972537742924543
NGC3198,43,43,106.33734919304402,301.671790076471,195.33444088342696,5,13.8,1.4,3,73.0,3.0,38.279,0.212,5.84,178.99,3.14,1602.62,10.869,35.66,150.1,3.9,1,"Da06,Be91,Be87",0.3162277660168379,hyperleda_vizier,74.37294252532233,0.9930109446103168,-0.6989055389683085,hyperleda_vizier,ok,,,,,,,,0.1014492753623188,10.144927536231885,0.2839415867708142,1.1023773783926325,acm_better_102,34,42.17,2394.1449,11.69144612536418,0.7548387180305667,0.7364476383170739,5.97825943833974,4.189879585330321,0.0223540567547882,0.9776459432452118
NGC6503,31,31,71.81814138191753,258.2503152192998,186.4321738373823,6,6.26,0.31,2,74.0,2.0,12.845,0.059,1.62,774.16,2.16,398.87,1.744,14.05,116.3,2.4,1,"Be91,Be87",0.3311311214825911,hyperleda_vizier,74.28971148631146,0.9985649472675864,-0.1435052732413622,hyperleda_vizier,ok,,,,,,,,0.0495207667731629,4.952076677316294,0.1357726741922927,0.3737997256515775,acm_better_102,31,13.7,825.9875999999999,1.980607470647611,0.5754334487417696,0.5226427272391376,5.074149082245958,4.746360297955243,0.0274438343160004,0.9725561656839996
UGC05253,73,73,116.67345319561848,305.54758099498207,188.8741277993636,2,22.9,5.72,1,37.0,4.0,171.582,0.79,4.28,1488.78,8.07,189.16,16.396,36.64,213.7,7.1,2,"No07,No05",0.7943282347242815,hyperleda_vizier,37.7277762270604,0.9835016411219744,-1.6498358878025643,hyperleda_vizier,ok,,,,,,,,0.2497816593886463,24.97816593886463,0.095557809094194,0.2517623827445416,acm_better_102,65,53.29,2286.7524,19.61620193664491,1.5717432746415323,1.6104870515847125,4.24636276710695,2.8939803714304877,0.0357598525406644,0.9642401474593356
NGC2403,73,73,139.42211727311596,324.5494816577808,185.12736438466484,6,3.16,0.16,2,63.0,3.0,10.041,0.028,2.16,341.06,1.39,1408.74,3.199,15.11,131.2,4.9,1,"Da06,Fr02",0.5011872336272722,hyperleda_vizier,61.98404897404534,1.0092767433820715,0.9276743382071516,hyperleda_vizier,ok,,,,,,,,0.050632911392405,5.063291139240507,0.318593765561199,1.6557114021013406,acm_better_102,71,12.92,2204.3025,14.71487858486828,1.0195714450817273,1.0718542341091322,4.532622016338221,3.5682387249930017,0.0215113904693091,0.9784886095306908
UGC02953,115,115,256.1506791023839,422.6523604546576,166.50168135227375,2,16.5,4.95,1,50.0,4.0,259.518,0.717,5.03,1544.65,3.55,4215.31,7.678,24.0,264.9,6.0,2,"No07,No05",0.831763771102671,hyperleda_vizier,33.99844245044566,1.3699660946779944,36.99660946779944,hyperleda_vizier,review,large_velocity_shift;large_inclination_delta,,,,,,,0.3,30.0,0.0295856164119637,0.6092441975798453,acm_better_102,46,22.84,1218.7080999999998,1.7690120862442165,0.7834236080821474,0.5394458741661197,13.440103157851672,9.158217660529804,0.0456669747858243,0.9543330252141756
NGC6195,23,23,73.37195484873874,228.1484854121145,154.77653056337576,3,127.8,12.8,1,62.0,5.0,391.076,6.123,9.52,686.8,13.94,174.11,20.907,40.89,251.7,9.3,1,SG06,0.6456542290346555,hyperleda_vizier,50.28103966961027,1.1478954970947632,14.789549709476324,hyperleda_vizier,review,large_velocity_shift;large_inclination_delta,,,,,,,0.1001564945226917,10.015649452269171,0.0534601969949575,0.1075885790506145,acm_better_102,17,19.1,4798.332899999999,3.0015538554229417,0.949723455934638,0.6247698838510019,6.791764076145302,8.500778820741765,0.014539358674873,0.985460641325127
DDO161,31,31,51.32917889596157,203.1258113389561,151.79663244299456,10,7.5,2.25,1,70.0,10.0,0.548,0.015,2.04,20.74,1.22,169.37,1.378,10.69,66.3,1.9,1,Co00,0.1621810097358929,hyperleda_vizier,90.0,0.9396926207859084,-6.030737921409168,hyperleda_vizier,review,large_inclination_delta,,,,,,,0.3,30.0,2.514598540145985,0.9258263907551731,acm_better_102,31,9.58,1114.2244,2.171696576804546,0.9291416054412598,0.8636644523087966,4.058850581665575,3.349371180822112,0.0288663863933792,0.9711336136066208
UGC09037,22,22,50.77031148965732,184.26939752031493,133.49908603065762,6,83.6,8.4,1,65.0,5.0,68.614,1.769,5.69,334.83,4.28,841.07,19.078,39.72,152.3,9.6,2,Ha14,0.5248074602497725,hyperleda_vizier,60.27483314672168,1.0436358608293628,4.363586082936277,hyperleda_vizier,ok,,,,,,,,0.1004784688995215,10.047846889952154,0.2780482117352144,1.0414665036247706,acm_better_102,22,27.96,4432.8964,2.813614698419494,0.8133179459594657,0.8262322054398794,11.101871651977712,9.389725699048462,0.0265644615171881,0.9734355384828118
UGC07125,13,13,116.39210523248802,242.97531097273156,126.58320574024351,9,19.8,5.9,1,90.0,3.0,2.712,0.08,3.92,28.11,3.38,103.0,4.629,23.04,65.2,2.1,1,"Sw09,Sw02",0.3467368504525316,hyperleda_vizier,75.63235732836921,1.0322863534053146,3.2286353405314605,hyperleda_vizier,review,large_inclination_delta,,,,,,,0.297979797979798,29.7979797979798,1.7068584070796458,0.4051853926683239,acm_better_102,13,17.26,1521.0,3.571963171236216,1.67666658198762,2.0049205631115257,10.967390164656596,9.174167096791258,0.0171493765009013,0.9828506234990988
UGC02455,8,8,140.83613960495416,265.1906909484363,124.35455134348216,10,6.92,2.08,1,51.0,5.0,3.649,0.034,1.49,254.0,0.99,795.85,0.803,7.11,0.0,0.0,3,"Sw09,Sw02",0.8128305161640993,hyperleda_vizier,36.98483937191033,1.291790569467294,29.1790569467294,hyperleda_vizier,review,large_velocity_shift;large_inclination_delta,,,,,,,0.3005780346820809,30.057803468208093,0.2200602904905453,0.819304152637486,acm_better_102,8,4.03,885.6576000000001,6.398820889863953,1.7273996935231366,1.739065144566636,1.5756982460947229,1.7394202952438629,0.0266552458467136,0.9733447541532864
NGC3726,12,12,39.31168014066375,163.57525758098825,124.2635774403245,5,18.0,2.5,4,53.0,2.0,70.234,0.388,7.52,198.08,3.4,1789.91,6.473,22.2,168.0,6.2,2,"VS01,SV98",0.6760829753919817,hyperleda_vizier,48.41505937209498,1.0677336898136367,6.77336898136367,hyperleda_vizier,ok,,,,,,,,0.1388888888888889,13.88888888888889,0.0921633396930261,0.5599480968858132,acm_better_102,10,16.03,2822.7969000000003,1.9619472867774936,1.0611712873024608,1.0619839258080006,2.994312916414516,1.1299829106206407,0.0144819022135926,0.9855180977864074
NGC0055,21,21,2.5057101272340057,122.79606662395176,120.29035649671776,9,2.11,0.11,2,77.0,3.0,4.628,0.013,3.67,54.55,6.11,391.59,1.565,10.24,85.6,5.0,2,"Sa96,Pu91",,hyperleda_not_found,90.0,0.9743700647852352,-2.5629935214764754,catalog_inclination_proxy,missing,missing_ba_obs,,,,,,,0.0521327014218009,5.213270142180095,0.3381590319792567,0.0419210277482381,acm_better_102,21,9.21,1635.3936,1.5098089638152885,0.775450563917915,0.8773151798097558,3.725786692500037,4.920595499647829,0.0204058322468309,0.9795941677531692
UGC06973,9,9,415.8931077135369,535.1246038986942,119.23149618515733,2,18.0,2.5,4,71.0,3.0,53.87,0.347,1.61,3317.65,1.07,12730.05,1.753,11.57,174.2,6.2,3,"VS01,SV98",0.457088189614875,hyperleda_vizier,63.62364965066531,1.0553896944730103,5.538969447301034,hyperleda_vizier,ok,,,,,,,,0.1388888888888889,13.88888888888889,0.0325413031371821,1.53113809066294,acm_better_102,9,6.28,1101.5760999999998,2.459404967232972,1.0276859685568709,1.0239357356237946,6.809272318660815,5.818232921838981,0.0280241629171993,0.9719758370828008
NGC4088,12,12,76.78326438680018,195.0144048697136,118.23114048291336,4,18.0,2.5,4,69.0,2.0,107.286,0.494,6.1,457.96,2.58,3988.69,8.226,22.25,171.7,6.9,1,"VS01,SV98",0.3801893963205612,hyperleda_vizier,69.21631902672088,0.9985599366300792,-0.1440063369920863,hyperleda_vizier,ok,,,,,,,,0.1388888888888889,13.88888888888889,0.0766735641183379,1.2358031368307194,acm_better_102,10,13.94,2996.4676000000004,1.6992022128427813,0.4262108294729868,0.4145410479704523,2.236263145090194,2.2656024749030155,0.0165771174391506,0.9834228825608492
NGC4013,36,36,23.404522151765097,128.26033707441096,104.85581492264586,3,18.0,2.5,4,89.0,1.0,79.094,0.364,4.11,746.16,3.53,10205.4,2.967,31.35,172.9,7.1,2,"VS01,SV98",0.245470891568503,hyperleda_vizier,77.54347789691613,1.0239515479569583,2.395154795695853,hyperleda_vizier,review,large_inclination_delta,,,,,,,0.1388888888888889,13.88888888888889,0.0375123271044579,0.2381047917887151,acm_better_102,35,14.98,1087.6803999999995,0.9412490789252528,1.6056416198080052,1.3896707245410624,31.303258287374724,27.36014448604136,0.063905053474431,0.936094946525569
UGC11455,36,36,52.6759689539111,147.12841060594917,94.45244165203806,6,78.6,11.8,1,90.0,1.0,374.322,3.792,10.06,571.26,5.93,9568.2,13.335,43.44,269.4,7.4,1,SG06,0.1584893192461113,hyperleda_vizier,90.0,1.0,0.0,hyperleda_vizier,ok,,,,,,,,0.1501272264631043,15.012722646310433,0.0356244089313478,0.3792133633253614,acm_better_102,32,22.62,3124.81,11.83768325155971,1.821952932019105,1.203612053760521,22.474529918608816,19.77598316335313,0.0145543626451431,0.9854456373548568
NGC3877,13,13,39.14439939859004,124.99134780466716,85.84694840607713,5,18.0,2.5,4,76.0,1.0,72.535,0.401,4.39,598.18,2.53,3410.59,1.483,11.47,168.4,5.1,2,"VS01,SV98",0.2290867652767773,hyperleda_vizier,81.16404778005172,0.981949313526374,-1.805068647362596,hyperleda_vizier,ok,,,,,,,,0.1388888888888889,13.88888888888889,0.0204453022678706,0.2316861691324657,acm_better_102,10,10.47,916.8784,2.424774824716937,0.6109731430062112,0.7405681827907387,3.0415212742181232,2.9875814123232622,0.0176465585117082,0.9823534414882916
NGC5585,24,24,67.55178402720033,152.0048270515799,84.45304302437957,7,7.06,2.12,1,51.0,2.0,2.943,0.033,2.27,90.54,1.53,297.05,1.683,10.92,90.3,2.4,1,"Bl99,Sa96,Co91",0.6165950018614822,hyperleda_vizier,53.88227714078771,0.9620433968585264,-3.795660314147365,hyperleda_vizier,ok,,,,,,,,0.3002832861189802,30.02832861189802,0.5718654434250765,0.7189542483660131,acm_better_102,24,10.31,1073.8729000000003,35.21321305469435,1.406130872749061,1.2525208086930242,3.2768130261869817,3.9587802066535,0.0208194282141494,0.9791805717858504
NGC3953,8,8,24.084941807095447,103.08120964975232,78.99626784265686,4,18.0,2.5,4,62.0,1.0,141.301,0.521,6.17,587.26,4.89,1999.08,2.832,17.38,220.8,6.1,1,"VS01,SV98",0.5128613839913648,hyperleda_vizier,60.20051766389734,1.0174904068873485,1.7490406887348264,hyperleda_vizier,ok,,,,,,,,0.1388888888888889,13.88888888888889,0.0200423210026822,0.1184337636594025,acm_better_102,5,15.68,1406.25,2.729586925464156,2.334722738737011,1.9305324528228311,12.579086076328103,12.454355620161635,0.0166535077253723,0.9833464922746276
NGC4217,19,19,87.87642444859841,166.54267276358107,78.66624831498265,3,18.0,2.5,4,86.0,2.0,85.299,0.393,5.28,483.98,2.94,4373.51,2.562,16.7,181.3,7.2,1,"VS01,SV98",0.2951209226666385,hyperleda_vizier,74.2413870735799,1.0365223420241063,3.6522342024106536,hyperleda_vizier,review,large_inclination_delta,,,,,,,0.1388888888888889,13.88888888888889,0.0300355221045967,0.2964042759961127,acm_better_102,19,11.35,1152.6025000000002,2.8182318627271954,1.152929785947526,1.0835639253570155,9.553843561269064,8.526798486303356,0.0347602048714239,0.965239795128576
NGC1003,36,36,5.447085871818322,83.329744671913,77.88265880009469,6,11.4,3.42,1,67.0,5.0,6.82,0.075,2.76,140.87,1.61,1345.33,5.88,33.33,109.8,4.2,1,"Sa96,Br92",0.2818382931264453,hyperleda_vizier,78.19260720033047,0.9404028421215564,-5.959715787844367,hyperleda_vizier,review,large_inclination_delta,,,,,,,0.3,30.0,0.8621700879765395,2.268431001890359,acm_better_102,36,30.24,1402.5025000000005,1.4139053418216818,2.4161790591851906,1.5358737922675232,24.455210644986533,14.05834810654301,0.0583358777167597,0.9416641222832404
NGC4157,17,17,21.96367484835765,97.0506169425019,75.08694209414425,3,18.0,2.5,4,82.0,3.0,105.62,0.486,4.44,848.85,2.32,23813.87,8.226,24.09,184.7,7.2,1,"VS01,SV98",0.1819700858609983,hyperleda_vizier,82.07992573348434,0.9998049612221585,-0.0195038777841549,hyperleda_vizier,ok,,,,,,,,0.1388888888888889,13.88888888888889,0.0778829767089566,1.5283145065398338,acm_better_102,17,22.65,2732.1529000000005,1.8411422613447488,0.9706649204210348,0.9003158174020314,6.165901529209808,3.3217727700184074,0.0201531723054061,0.979846827694594
NGC6015,44,44,18.491398986665075,93.19481251407538,74.7034135274103,6,17.0,5.1,1,60.0,2.0,32.129,0.237,3.92,331.76,2.3,1926.77,5.834,21.43,154.1,7.0,2,VM97,0.4168693834703354,hyperleda_vizier,68.02168597176284,0.933895741081868,-6.610425891813209,hyperleda_vizier,ok,,,,,,,,0.3,30.0,0.1815805035948831,1.102835538752363,acm_better_102,31,15.29,2346.4336,1.5865331681674566,1.0882315941974423,0.4767172152106553,16.434295159241586,3.675765973846133,0.0259466698318905,0.9740533301681096
NGC4559,32,32,4.797405506263049,78.69716110180063,73.89975559553758,6,9.0,2.7,1,67.0,1.0,19.377,0.107,3.82,211.27,2.1,1602.62,5.811,21.16,121.2,5.1,1,Ba05,0.4265795188015926,hyperleda_vizier,67.3267285232419,0.9976014762559904,-0.2398523744009617,hyperleda_vizier,ok,,,,,,,,0.3,30.000000000000004,0.2998916240904165,1.317687074829932,acm_better_102,29,20.32,2715.4521,2.971513515622932,0.9445231678640736,1.1187451552351035,6.307716274232863,6.462064571125957,0.031109430342937,0.968890569657063
UGC08837,8,8,8.318260583066863,80.90306360326885,72.58480302020199,10,7.21,0.36,2,80.0,5.0,0.501,0.015,2.25,15.73,1.72,77.42,0.32,4.75,0.0,0.0,2,"Sw09,Sw02",0.309029543251359,hyperleda_vizier,79.18639690103143,1.002611388952022,0.2611388952022064,hyperleda_vizier,ok,,,,,,,,0.0499306518723994,4.993065187239944,0.6387225548902196,0.1081665765278529,acm_better_102,6,4.2,526.7025,2.7466471913099078,1.7539881118009255,2.0139815718514957,1.7659953550079923,2.340658969887228,0.0416018729214002,0.9583981270785996
UGC03205,48,48,27.395563398693284,98.92009939386304,71.52453599516974,2,50.0,10.0,1,67.0,4.0,113.642,1.361,5.35,587.26,3.19,3915.89,9.677,28.6,219.6,8.6,1,"No07,No05",0.4073802778041127,hyperleda_vizier,66.91233799797773,1.0006510362178862,0.0651036217886202,hyperleda_vizier,ok,,,,,,,,0.2,20.0,0.0851533763925309,0.950953705250538,acm_better_102,25,26.69,3083.5809,3.395695243007948,1.879209195383276,2.023673678931424,11.07795696710155,6.611602083266667,0.0229285389346131,0.9770714610653868
NGC2955,24,24,65.40030632229652,134.96933900221686,69.56903267992034,3,97.9,9.8,1,56.0,7.0,319.422,4.413,7.22,974.61,18.76,50.68,28.949,40.34,0.0,0.0,1,SG06,0.5248074602497725,hyperleda_vizier,59.027761402491095,0.966901535556602,-3.3098464443398146,hyperleda_vizier,ok,,,,,,,,0.1001021450459652,10.010214504596528,0.0906293242168667,0.0822560590286459,acm_better_102,22,24.8,6392.0025000000005,6.112219976621549,1.358970912083138,1.3031629388929034,5.463699423462493,4.959998590844783,0.0223398976418334,0.9776601023581666
IC4202,32,32,52.76630445133251,120.39521314566358,67.62890869433107,4,100.4,10.0,1,90.0,1.0,179.749,3.311,8.55,391.59,4.78,8888.53,12.326,32.13,242.6,11.0,1,SG06,0.1737800828749375,hyperleda_vizier,84.532949630546,1.0045696338682042,0.4569633868204192,hyperleda_vizier,ok,,,,,,,,0.099601593625498,9.9601593625498,0.0685733995738502,0.5394688468339139,acm_better_102,25,23.58,3750.3376,5.472999718025871,1.487700375182052,1.2512741623883343,16.849841425817928,16.319813177666344,0.0137630147557788,0.9862369852442212
NGC4389,6,6,94.8299214074442,162.04865221731072,67.21873080986651,4,18.0,2.5,4,50.0,4.0,21.328,0.216,4.05,207.41,2.79,322.72,0.539,6.81,0.0,0.0,3,"VS01,SV98",0.6456542290346555,hyperleda_vizier,50.52491714898693,0.9924126436060036,-0.7587356393996547,hyperleda_vizier,ok,,,,,,,,0.1388888888888889,13.88888888888889,0.0252719429857464,0.0692437147518659,acm_better_102,6,5.32,483.1204,4.89894769150188,1.3845191726567851,1.4291877187506472,3.461615877059978,4.202125320001079,0.0256331407166063,0.9743668592833936
F561-1,6,6,11.682751118857242,75.43975539781896,63.75700427896172,9,66.4,10.0,1,24.0,10.0,4.077,0.327,5.39,22.12,2.79,93.07,1.622,10.69,50.0,2.9,3,"dB97,dB96",,hyperleda_not_found,24.83937306671106,0.9682458365518536,-3.17541634481463,catalog_inclination_proxy,missing,missing_ba_obs,,,,,,,0.1506024096385542,15.06024096385542,0.397841550159431,0.208373479271849,acm_better_102,6,9.66,856.1476000000001,5.105546899693031,1.6242989220795705,1.5930409425101324,1.3570984443280685,1.5220878535094315,0.0271789695162933,0.9728210304837066
NGC4085,7,7,43.63858527314769,106.39853273858265,62.75994746543496,5,18.0,2.5,4,82.0,2.0,21.724,0.2,2.0,856.7,1.65,5021.46,1.349,10.16,131.5,4.8,2,"VS01,SV98",0.2691534803926916,hyperleda_vizier,77.86841290927943,1.0128883722563071,1.2888372256307346,hyperleda_vizier,ok,,,,,,,,0.1388888888888889,13.88888888888889,0.0620972196648867,0.4955004591368228,acm_better_102,6,5.32,663.5776000000001,3.030807895991701,0.768040528473687,0.3912707227667619,5.557226745091367,5.763624585524523,0.0286145236102908,0.9713854763897092
NGC4051,7,7,33.074536928961926,95.47144986228008,62.39691293331814,4,18.0,2.5,4,49.0,3.0,95.268,0.439,6.87,319.76,4.65,1320.78,2.697,15.13,157.0,5.5,2,"VS01,SV98",0.8128305161640993,hyperleda_vizier,36.07257891490074,1.2817548933523413,28.17548933523413,hyperleda_vizier,review,large_velocity_shift;large_inclination_delta,,,,,,,0.1388888888888889,13.88888888888889,0.0283096107822143,0.1247311827956989,acm_better_102,5,12.19,1504.6641,2.8141071475433503,1.9958516332861875,1.6597529665235626,4.320577838124668,4.189593124812326,0.0191980023277967,0.9808019976722032
UGC11914,65,65,20.463098937697417,74.4789714897265,54.01587255202909,2,16.9,5.1,1,31.0,5.0,150.028,0.553,3.12,2425.66,2.44,3168.33,0.888,9.26,288.1,10.5,1,"No07,No05",0.8511380382023764,hyperleda_vizier,31.92190276823298,0.9740436331019626,-2.595636689803737,hyperleda_vizier,ok,,,,,,,,0.301775147928994,30.17751479289941,0.0059188951395739,0.1491534533727492,acm_better_102,65,8.6,973.44,32.033933512096006,5.407382306826117,5.487576386058919,36.06800450208096,20.438000018458936,0.0151254437984446,0.9848745562015552
NGC4068,6,6,4.203188591579112,55.50217535356173,51.29898676198262,10,4.37,0.22,2,44.0,6.0,0.236,0.005,1.11,30.26,0.59,261.11,0.154,3.18,0.0,0.0,2,Le14,0.5888436553555889,hyperleda_vizier,56.59021831818417,0.8321714868014748,-16.782851319852522,hyperleda_vizier,review,large_velocity_shift;large_inclination_delta,,,,,,,0.0503432494279176,5.034324942791762,0.652542372881356,0.4424016087331227,acm_better_102,6,2.33,394.4196,11.124719712923053,2.004767730360804,1.904200277721788,2.3255851162455388,2.418212858333728,0.0245943246043997,0.9754056753956004
NGC3992,9,9,2.4668503666874084,50.92913736221677,48.46228699552936,4,23.7,2.3,5,56.0,2.0,226.932,0.836,9.99,360.44,4.96,3257.09,16.599,32.75,241.0,5.2,1,"VS01,SV98",0.660693448007596,hyperleda_vizier,49.35733787077215,1.092583401911608,9.258340191160784,hyperleda_vizier,ok,,,,,,,,0.0970464135021097,9.70464135021097,0.0731452593728517,0.6747122138397502,acm_better_102,8,27.52,2736.3361000000004,1.468472345750956,0.4838666925347552,0.4964345746127705,2.0476285513775743,2.0176987413757086,0.0181489478517686,0.9818510521482314
NGC2366,26,26,7.036112674361866,52.42467759382853,45.38856491946667,10,3.27,0.16,2,68.0,5.0,0.236,0.005,1.08,31.98,0.65,113.98,0.647,6.94,50.2,3.2,3,Le14,0.3467368504525316,hyperleda_vizier,75.63235732836921,0.9571192401670326,-4.288075983296736,hyperleda_vizier,ok,,,,,,,,0.0489296636085626,4.892966360856269,2.7415254237288136,1.531360946745562,acm_better_102,24,5.35,712.3561000000001,2.5314347229185907,0.4363052159122497,0.3922748018659732,3.932058641518336,3.23826197935275,0.0283145489152886,0.9716854510847114
UGC05414,6,6,0.8381248288427904,45.13751164441626,44.29938681557347,10,9.4,2.82,1,55.0,3.0,1.123,0.028,2.33,32.87,1.47,127.3,0.574,6.65,0.0,0.0,1,"Sw09,Sw02",0.6760829753919817,hyperleda_vizier,49.55156076114391,1.0764293059163688,7.642930591636876,hyperleda_vizier,ok,,,,,,,,0.3,30.0,0.5111308993766696,0.2656300615484289,acm_better_102,6,4.11,546.1569000000001,3.493583960009785,0.7960311004993322,0.7518079993472544,0.6899666992909755,0.3150616363606162,0.0318673228577622,0.9681326771422376
NGC4100,24,24,2.8413889441857467,46.27612678583899,43.434737841653245,4,18.0,2.5,4,73.0,2.0,59.394,0.328,4.93,388.0,2.15,8970.78,3.102,18.06,158.2,5.0,1,"VS01,SV98",0.2951209226666385,hyperleda_vizier,74.97414831901823,0.9901593439892392,-0.9840656010760784,hyperleda_vizier,ok,,,,,,,,0.1388888888888889,13.88888888888889,0.0522274977270431,0.6710654407787994,acm_better_102,24,17.42,1513.2099999999998,2.8113224863042605,1.4694720970047663,1.6221406305912751,6.5446838107732335,3.957807182666957,0.0222783219481045,0.9777216780518956
DDO168,10,10,6.808910412635636,50.14412178154392,43.33521136890828,10,4.25,0.21,2,63.0,6.0,0.191,0.005,1.29,18.23,1.02,92.22,0.413,4.3,53.4,1.9,2,"Sa96,Br92",0.3981071705534972,hyperleda_vizier,71.33815168579285,0.940452155078178,-5.954784492182208,hyperleda_vizier,ok,,,,,,,,0.0494117647058823,4.941176470588235,2.162303664921466,0.3969627066512879,acm_better_102,10,2.89,526.7025,1.4964112943154624,0.0623858982832914,0.0067725718793454,0.5501564478180929,0.2620499952876586,0.0468107335209454,0.9531892664790546
NGC2683,11,11,7.119464567887453,48.01417292826045,40.894708360373,3,9.81,0.49,2,80.0,5.0,80.415,0.222,3.34,1139.8,2.18,10205.4,1.406,13.79,154.0,8.1,2,"Sa96,Br92",0.2951209226666385,hyperleda_vizier,74.2413870735799,1.0232678676921465,2.3267867692146504,hyperleda_vizier,ok,,,,,,,,0.0499490316004077,4.994903160040774,0.0174843001927501,0.2958505176331958,acm_better_102,11,14.43,665.64,0.8952713863629764,1.302936847940991,1.2382977988156014,2.001262771231456,0.938734009853623,0.0133867700855182,0.9866132299144816
NGC0289,28,28,18.64856081258222,59.0549574028833,40.406396590301085,4,20.8,5.2,1,46.0,5.0,72.065,0.465,2.69,1587.93,6.74,69.96,27.469,49.51,163.0,8.0,2,Wa97,0.7413102413009175,hyperleda_vizier,42.72125057935084,1.0602972602098102,6.029726020981019,hyperleda_vizier,ok,,,,,,,,0.25,25.0,0.381169777284396,0.6046764522008646,acm_better_102,28,40.81,4715.5689,4.08361762759198,1.0298740533025783,0.954037371274655,4.013247079299782,3.005246689699818,0.0155638244606789,0.9844361755393212
UGC04305,22,22,66.49802861933316,107.45252476066722,40.95449614133406,10,3.45,0.17,2,40.0,10.0,0.736,0.007,1.23,76.71,1.16,88.07,0.69,7.41,34.5,2.7,3,"Sw09,Sw02",0.72443596007499,hyperleda_vizier,45.39375142343099,0.9028556663318836,-9.714433366811647,hyperleda_vizier,ok,,,,,,,,0.0492753623188405,4.9275362318840585,0.9375,0.512782401902497,acm_better_102,20,5.52,745.2900000000001,5.880218760063144,1.1547316156815417,0.8550227976621478,4.832653293714624,3.715279375792666,0.0194245608634834,0.9805754391365166
NGC3949,7,7,34.504170867023,72.50317970294621,37.99900883592321,4,18.0,2.5,4,55.0,2.0,38.067,0.28,2.39,1058.84,3.59,185.71,3.371,13.72,163.0,7.1,2,"VS01,SV98",0.5888436553555889,hyperleda_vizier,54.7857457782678,1.002632281517208,0.2632281517207957,hyperleda_vizier,ok,,,,,,,,0.1388888888888889,13.88888888888889,0.0885543909422859,0.2615591126698272,acm_better_102,7,7.07,2166.9025,3.3673563563275994,1.630276727612508,1.5420236411934831,1.6869739964014776,1.144701447578726,0.0287896361506103,0.9712103638493896
NGC3917,17,17,9.28164101819714,45.43620607387306,36.15456505567592,6,18.0,2.5,4,79.0,2.0,21.966,0.202,5.56,112.94,2.63,1226.96,1.888,14.08,135.9,4.1,1,"VS01,SV98",0.2238721138568339,hyperleda_vizier,83.8815823000052,0.9872508265390186,-1.274917346098137,hyperleda_vizier,ok,,,,,,,,0.1388888888888889,13.88888888888889,0.0859510152053173,0.2729546473131027,acm_better_102,14,12.19,1080.4369,3.645919697478053,1.1157294015049068,0.5363296876936801,9.140964150896556,10.323679605269954,0.0188355462143885,0.9811644537856116
NGC4010,12,12,4.2101331520968825,39.719130223669744,35.508997071572864,7,18.0,2.5,4,89.0,1.0,17.193,0.19,6.63,14.75,2.81,2611.14,2.832,17.59,125.8,4.7,2,"VS01,SV98",0.2137962089502232,hyperleda_vizier,90.0,0.9998476951563912,-0.015230484360873,hyperleda_vizier,ok,,,,,,,,0.1388888888888889,13.88888888888889,0.1647181992671436,0.3586580717062853,acm_better_102,11,8.72,1334.4409,3.01999203014827,1.4251727981682898,1.54663521176171,5.865653108828969,5.273160937063934,0.0290074077401312,0.9709925922598688
UGC07323,10,10,2.4851261849276223,37.74794744035627,35.26282125542865,8,8.0,2.4,1,47.0,3.0,4.109,0.042,3.26,61.49,2.26,283.68,0.722,7.14,0.0,0.0,1,"Sw09,Sw02",0.72443596007499,hyperleda_vizier,45.39375142343099,1.0272550740697537,2.725507406975347,hyperleda_vizier,ok,,,,,,,,0.3,30.0,0.1757118520321246,0.1413579763489701,acm_better_102,8,5.82,824.8384,8.3991233196377,2.313429217883912,2.056029001518773,6.313937106350791,5.887012081557308,0.022165843715132,0.977834156284868
UGC04499,9,9,2.7849635075512493,37.01519472890872,34.23023122135747,8,12.5,3.75,1,50.0,3.0,1.552,0.043,2.69,33.79,1.73,127.3,1.1,8.67,72.8,2.4,1,"Sw09,Sw02",0.5248074602497725,hyperleda_vizier,61.53846266987469,0.8713593461330087,-12.864065386699131,hyperleda_vizier,review,large_velocity_shift;large_inclination_delta,,,,,,,0.3,30.0,0.7087628865979382,0.3675365030572354,acm_better_102,8,8.18,1040.7076,2.514450729099544,0.7352469397355363,0.7245820600042112,1.3409877201471685,1.0750823181985474,0.03573630953212,0.96426369046788
UGC07151,11,11,5.936918752633065,39.464283780058246,33.52736502742518,6,6.87,0.34,2,90.0,3.0,2.284,0.025,2.17,76.71,1.25,965.67,0.616,6.39,73.5,2.8,1,"Sw09,Sw02",0.2041737944669529,hyperleda_vizier,87.08608258496555,1.001294635456847,0.1294635456847048,hyperleda_vizier,ok,,,,,,,,0.049490538573508,4.9490538573508,0.2697022767075306,0.39424,acm_better_102,8,5.5,800.89,2.571992098656702,1.2406170718991991,1.4232345718293438,5.488707750077849,6.572955497284145,0.0383808995080646,0.9616191004919352
NGC3769,12,12,7.017896926975734,40.48063435313763,33.462737426161894,3,18.0,2.5,4,70.0,2.0,18.679,0.189,2.18,626.37,3.38,160.26,5.529,22.57,118.6,8.4,2,"VS01,SV98",0.3235936569296282,hyperleda_vizier,72.37965269669854,0.9859502227425234,-1.404977725747658,hyperleda_vizier,ok,,,,,,,,0.1388888888888889,13.88888888888889,0.2960008565769045,0.4839641469136235,acm_better_102,12,8.72,1366.0416,1.2568911867926462,0.5264970049291589,0.6091914698218535,0.8801809703237747,0.7758181234830457,0.0489802009747428,0.9510197990252572
UGC06614,13,13,8.90566237838114,40.032069889988215,31.12640751160708,1,88.7,8.87,1,36.0,10.0,124.35,2.52,3.68,1461.61,5.1,540.54,21.888,60.63,199.8,16.0,1,"dB01,VH93",0.8912509381337456,hyperleda_vizier,27.18154744889156,1.2867130181408493,28.671301814084927,hyperleda_vizier,review,large_velocity_shift;faceon_sensitive,,,,,,,0.0999999999999999,10.0,0.1760193003618818,0.8415224913494811,acm_better_102,6,64.59,3756.4641,4.130602905411246,2.025387263197361,1.98835823707574,3.559487835181136,3.9137191597202654,0.025422261319851,0.974577738680149
UGC07089,12,12,4.334781393946477,34.79714087407983,30.46235948013335,8,18.0,2.5,4,80.0,3.0,3.585,0.089,3.9,37.4,2.26,520.99,1.214,9.29,0.0,0.0,2,"VS01,SV98",0.2187761623949552,hyperleda_vizier,90.0,0.984807753012208,-1.519224698779198,hyperleda_vizier,ok,,,,,,,,0.1388888888888889,13.88888888888889,0.3386331938633193,0.2376850184039471,acm_better_102,12,8.72,696.9599999999999,3.7045023580371423,0.9866453876579554,1.2158998457023549,4.018297077354908,4.167674668620968,0.0289354540647294,0.9710645459352706
UGC11557,12,12,25.356703503521945,54.507328944328485,29.15062544080654,8,24.2,6.05,1,30.0,10.0,12.101,0.212,4.18,106.86,2.75,337.93,2.605,16.66,0.0,0.0,2,"Sw02,dB01",0.831763771102671,hyperleda_vizier,34.983151548424075,0.8720896805301218,-12.791031946987818,hyperleda_vizier,review,large_velocity_shift;faceon_sensitive,,,,,,,0.25,25.0,0.2152714651681679,0.3444628099173554,acm_better_102,10,8.8,1256.7025,15.106301576286985,2.198512256540984,2.370107646202248,5.660669412174125,6.035938894932848,0.0147874340520831,0.9852125659479168
NGC3893,10,10,14.71709310255267,43.68084697395192,28.963753871399245,5,18.0,2.5,4,49.0,2.0,58.525,0.377,2.43,1573.37,2.38,2055.09,5.799,20.84,174.0,8.9,1,"VS01,SV98",0.5248074602497725,hyperleda_vizier,59.77994398507311,0.8734067141827607,-12.659328581723928,hyperleda_vizier,review,large_velocity_shift;large_inclination_delta,,,,,,,0.1388888888888889,13.88888888888889,0.0990858607432721,1.0237624461549326,acm_better_102,10,8.81,2330.9584,1.745159358721405,0.3591489850120478,0.3593537773011519,2.0838417379361345,2.451824308360443,0.0169305140025721,0.9830694859974278
NGC2976,27,27,6.290233178306884,33.52559498053629,27.23536180222941,5,3.58,0.18,2,61.0,10.0,3.371,0.019,1.31,308.2,1.01,1502.55,0.172,3.04,85.4,3.3,2,Si03,0.5128613839913648,hyperleda_vizier,60.62860975105518,1.0036271128738223,0.3627112873822335,hyperleda_vizier,ok,,,,,,,,0.0502793296089385,5.027932960893854,0.0510234351824384,0.1686109204979903,acm_better_102,27,1.74,909.0225,15.070494284783594,3.014583293642939,3.6197961227039777,8.94115051050151,6.369629365782419,0.0174303450590012,0.9825696549409988
D631-7,16,16,22.487851886984732,49.50675400345683,27.01890211647209,10,7.72,0.18,2,59.0,3.0,0.196,0.009,1.22,20.93,0.7,115.04,0.29,0.0,57.7,2.7,1,"Tr09,dB01",,hyperleda_not_found,62.28582314386008,0.9682458365518544,-3.1754163448145745,catalog_inclination_proxy,missing,missing_ba_obs,,,,,,,0.0233160621761658,2.33160621761658,1.4795918367346936,0.5918367346938775,acm_better_102,16,3.14,429.7329,1.075465899851413,0.7608392510116115,0.8007535500182037,1.2800205881513356,1.3583473362003204,0.0246698173623373,0.9753301826376626
UGC08699,41,41,25.754130961147816,50.668099876665,24.91396891551718,2,39.3,9.82,1,73.0,9.0,50.302,0.695,1.91,2191.95,3.09,1370.35,3.738,19.05,182.4,6.9,2,"No07,No05",0.309029543251359,hyperleda_vizier,73.33040823124341,0.9982566212439956,-0.1743378756004276,hyperleda_vizier,ok,,,,,,,,0.2498727735368957,24.987277353689567,0.0743111605900361,0.391491500926886,acm_better_102,41,15.21,1530.3743999999997,6.2773033155873215,1.586958272940122,1.935102970804877,3.226024250106331,3.0163308577235584,0.0202136533797755,0.9797863466202243
UGC06628,7,7,6.762194018722909,29.89806252878264,23.13586851005973,9,15.1,4.53,1,20.0,10.0,3.739,0.076,4.14,34.74,2.82,103.0,1.5,10.47,41.8,6.4,2,"Sw09,Sw02",0.8912509381337456,hyperleda_vizier,27.92942492776477,0.7302137139091887,-26.97862860908113,hyperleda_vizier,review,large_velocity_shift;faceon_sensitive,,,,,,,0.3,30.000000000000004,0.4011767852366943,0.1886223027010714,acm_better_102,6,7.69,985.3321,4.743091866857372,2.517970643839207,2.6265362312169414,0.9266016046188786,0.8469321873899194,0.0317026492757429,0.968297350724257
PGC51017,6,6,170.51979730569954,192.47491829971136,21.95512099401182,11,13.6,1.4,2,66.0,3.0,0.155,0.014,1.28,15.03,0.53,93.94,0.201,4.29,18.6,1.3,3,Le14,0.2570395782768864,hyperleda_vizier,86.46241231874654,0.9152895106493004,-8.47104893506997,hyperleda_vizier,review,large_inclination_delta,,,,,,,0.1029411764705882,10.294117647058822,1.2967741935483872,0.7155571377714488,acm_better_102,6,3.63,201.64,1.8403063290828527,0.4900583171462081,0.5259572486825999,0.6325186131057602,0.6310517648241192,0.0422738517378617,0.9577261482621384
UGC07559,7,7,1.521834615619462,20.873462995660542,19.35162838004108,10,4.97,0.25,2,61.0,3.0,0.109,0.004,0.98,17.9,0.58,55.06,0.169,3.76,0.0,0.0,2,"Sw09,Sw02",0.6165950018614822,hyperleda_vizier,54.399906971953726,1.075660933692351,7.566093369235105,hyperleda_vizier,ok,,,,,,,,0.0503018108651911,5.030181086519115,1.5504587155963303,0.5023781212841856,acm_better_102,7,2.53,270.6025,3.579335593884171,1.859630105845118,1.9042971735875616,1.1534632483381708,1.1342153414917535,0.0323063787538649,0.967693621246135
ESO079-G014,15,15,38.84281605452723,57.423002078333255,18.58018602380602,4,28.7,7.17,1,79.0,5.0,51.733,0.524,7.23,157.34,5.08,2295.25,3.14,17.67,175.0,3.5,1,Ge04,0.1412537544622754,hyperleda_vizier,90.0,0.981627183447664,-1.8372816552336024,hyperleda_vizier,review,large_inclination_delta,,,,,,,0.2498257839721254,24.982578397212546,0.0606962673728567,0.1216752433504867,acm_better_102,15,16.67,1639.4401000000005,12.943244573133171,2.45323473952414,2.698917823721386,6.165829501639399,5.629901601979194,0.0228644613037401,0.9771355386962598
UGC06818,8,8,6.263508970143146,25.05685722347906,18.793348253335918,9,18.0,2.5,4,75.0,3.0,1.588,0.057,2.12,56.08,1.39,286.31,1.079,6.96,71.2,4.0,2,"VS01,SV98",0.3548133892335754,hyperleda_vizier,74.92780295381426,1.0003385447714148,0.0338544771414817,hyperleda_vizier,ok,,,,,,,,0.1388888888888889,13.88888888888889,0.6794710327455918,0.5584597070545003,acm_better_102,8,6.98,437.2281,6.90089297017369,1.7479916068058667,1.706979484022348,2.5540757792776128,2.6327468184604306,0.0216807805257255,0.9783192194742744
UGC04483,8,8,1.8075769051694488,19.77300111623549,17.965424211066043,10,3.34,0.31,2,58.0,3.0,0.013,0.001,0.26,29.71,0.18,82.57,0.032,1.46,0.0,0.0,2,"Le14,Le12",0.5754399373371569,hyperleda_vizier,57.636135586415485,1.00400442531952,0.4004425319519944,hyperleda_vizier,ok,,,,,,,,0.092814371257485,9.281437125748504,2.4615384615384617,0.9876543209876544,acm_better_102,8,1.21,152.7696,3.294774812571265,0.6197085473535386,0.5955289773409742,0.7239706668688018,0.6184229768562037,0.028792195409202,0.971207804590798
F563-V1,6,6,32.71707229180211,50.59150623014846,17.87443393834635,10,54.0,10.8,1,60.0,10.0,1.54,0.165,5.01,9.75,3.79,40.63,0.61,6.83,0.0,0.0,3,"dB97,dB96",,hyperleda_not_found,63.43494882292201,0.968245836551854,-3.1754163448145856,catalog_inclination_proxy,missing,missing_ba_obs,,,,,,,0.2,20.0,0.396103896103896,0.0424669836606539,acm_better_102,6,7.87,406.8289000000001,3.3445826328256043,1.0165135631050408,0.9871182354510566,0.5459773313441504,0.4660070080782699,0.0294959092926609,0.970504090707339
NGC3521,41,41,29.136049365238915,46.9915104736453,17.855461108406384,4,7.7,2.3,1,75.0,5.0,84.836,0.156,2.45,2232.7,2.4,2112.66,4.154,18.85,213.7,15.9,1,"Da06,Sa96",0.4786300923226383,hyperleda_vizier,62.56410006388733,1.0883341868926857,8.833418689268546,hyperleda_vizier,review,large_inclination_delta,,,,,,,0.2987012987012987,29.87012987012987,0.0489650620019802,0.7211805555555556,acm_better_102,23,13.32,2111.4025,3.9873615366438657,1.2100582046951434,1.11918400373631,6.806333216060832,5.859572793891301,0.0350685406761811,0.9649314593238189
UGCA281,7,7,2.784157372851863,20.378348121493477,17.594190748641612,11,5.68,0.28,2,67.0,3.0,0.194,0.007,1.57,12.5,1.72,12.05,0.062,1.83,0.0,0.0,3,Le14,0.7413102413009175,hyperleda_vizier,43.88186026320149,1.327957040820584,32.795704082058386,hyperleda_vizier,review,large_velocity_shift;large_inclination_delta,,,,,,,0.0492957746478873,4.929577464788733,0.3195876288659793,0.0209572742022715,acm_better_102,7,1.08,100.2001,2.7056362905197084,0.6924256348688285,0.6900732852620868,1.436504875397148,1.5443892389550364,0.0278667364473232,0.9721332635526768
NGC0100,21,21,0.525614178998606,16.394877418178446,15.86926323917984,6,13.5,4.05,1,89.0,1.0,3.232,0.063,2.81,64.99,1.66,1193.52,1.99,16.36,88.1,6.4,1,"dB02,Rh96",0.1288249551693134,hyperleda_vizier,90.0,0.9998476951563912,-0.015230484360873,hyperleda_vizier,ok,,,,,,,,0.3,30.0,0.6157178217821782,0.7221657715198142,acm_better_102,16,9.62,467.8569,2.310842763630919,1.5341848569919565,1.4892189145123318,4.828044695357287,4.962448810237004,0.0493518064879457,0.9506481935120544
UGC06923,6,6,1.5208597579221417,17.37497169793386,15.854111940011716,10,18.0,2.5,4,65.0,2.0,2.89,0.077,1.66,166.28,1.44,347.4,0.809,6.75,79.6,2.5,2,"VS01,SV98",0.6025595860743578,hyperleda_vizier,55.51224065271693,1.0995582547220129,9.955825472201283,hyperleda_vizier,ok,,,,,,,,0.1388888888888889,13.88888888888889,0.2799307958477509,0.3901427469135803,acm_better_102,6,5.16,949.8724,2.820931100237979,1.2253490439537542,1.2229844113763404,0.1972415105747607,0.2644006676903787,0.0306110100195428,0.9693889899804572
NGC3972,10,10,4.586854283955654,19.976408399880512,15.389554115924858,4,18.0,2.5,4,77.0,1.0,14.353,0.172,3.73,164.75,2.18,1587.93,1.214,10.05,132.7,2.9,1,"VS01,SV98",0.2691534803926916,hyperleda_vizier,76.78749975502234,1.000863871993519,0.0863871993519005,hyperleda_vizier,ok,,,,,,,,0.1388888888888889,13.88888888888889,0.0845816205671288,0.2554498779564009,acm_better_102,9,7.85,936.36,3.741838038452178,1.3721918243878937,1.6678432762007205,5.232156902240229,7.121125083569107,0.0243224317723384,0.9756775682276616
NGC4183,23,23,8.26593854448721,21.207255449998268,12.94131690551106,6,18.0,2.5,4,82.0,2.0,10.838,0.15,4.47,86.46,2.79,1098.58,3.506,16.07,110.6,5.4,1,"VS01,SV98",0.1445439770745927,hyperleda_vizier,90.0,0.9902680687415704,-0.9731931258429638,hyperleda_vizier,ok,,,,,,,,0.1388888888888889,13.88888888888889,0.3234914190810112,0.4504053133952543,acm_better_102,23,11.35,1748.0761000000002,2.259300477948219,0.7062983475342034,0.7722350267354763,7.509539448494622,7.89708030097345,0.0231644302004973,0.9768355697995028
NGC4138,7,7,2.679717883466727,13.191304074237149,10.51158619077042,0,18.0,2.5,4,53.0,3.0,44.111,0.284,1.91,1909.11,1.51,3952.12,1.483,18.58,147.3,5.9,2,"VS01,SV98",0.5623413251903491,hyperleda_vizier,56.40028711249799,0.9588335752570736,-4.116642474292642,hyperleda_vizier,ok,,,,,,,,0.1388888888888889,13.88888888888889,0.0336197320396273,0.6504100697337837,acm_better_102,7,7.85,546.6243999999999,1.3499294315336912,0.4977116190612456,0.4873223845655464,1.961354926119106,1.9577363615725936,0.0494695188433068,0.9505304811566933
UGC07690,7,7,1.7120831023502003,12.219893083662049,10.507809981311846,10,8.11,2.43,1,41.0,5.0,0.858,0.018,0.86,184.01,0.57,395.21,0.39,5.5,57.4,3.2,2,"Sw09,Sw02",0.8912509381337456,hyperleda_vizier,27.92942492776477,1.4006873847972583,40.06873847972583,hyperleda_vizier,review,large_velocity_shift;large_inclination_delta,,,,,,,0.2996300863131936,29.963008631319365,0.4545454545454546,1.2003693444136658,acm_better_102,7,4.13,501.3121,2.3182247304225974,0.5730658557224189,0.5090284089473762,1.2976225107089576,1.3444903903478391,0.0308080051172742,0.9691919948827256
F583-4,12,12,3.460344092433843,12.701985975878763,9.241641883444922,5,53.3,10.7,1,55.0,10.0,1.715,0.185,3.31,24.94,1.93,83.34,0.641,7.8,0.0,0.0,1,"KN08,dB96",,hyperleda_not_found,56.25773375878276,0.985096949543546,-1.4903050456453903,catalog_inclination_proxy,missing,missing_ba_obs,,,,,,,0.2007504690431519,20.0750469043152,0.3737609329446064,0.1720851566485006,acm_better_102,12,7.29,235.0089,4.929073645075117,2.0691064806490838,2.021900269562768,1.4935138354575346,1.0823355301449955,0.0321516253959704,0.9678483746040296
UGC02885,19,19,16.353401958687098,25.43870165926805,9.085299700580954,5,80.6,8.06,1,64.0,4.0,403.525,4.088,12.2,421.53,11.4,470.79,40.075,74.24,289.5,12.0,1,"Sa96,RA85",0.4897788193684462,hyperleda_vizier,62.25600914253179,1.0155446480429895,1.5544648042989715,hyperleda_vizier,ok,,,,,,,,0.1,10.000000000000002,0.0993123102657828,0.3083641120344721,acm_better_102,14,74.07,7440.787600000001,2.428722132853021,0.9902233159683694,0.680304416089939,8.301761011714339,7.453223692382686,0.016555821246422,0.983444178753578
NGC7793,46,46,4.723518651479604,13.41223071533332,8.688712063853718,7,3.61,0.18,2,47.0,9.0,7.05,0.026,2.19,233.79,1.21,1068.64,0.861,7.35,0.0,0.0,1,"Di08,Sa96,CP90",0.6025595860743578,hyperleda_vizier,54.97307365614611,0.8931120047438739,-10.688799525612612,hyperleda_vizier,review,large_velocity_shift,,,,,,,0.0498614958448753,4.986149584487535,0.122127659574468,0.5880745850693259,acm_better_102,46,6.3,1207.5625,72.3768002826011,1.797999656260302,1.590341535542119,5.344034589499284,3.8853715383083576,0.0155457175778271,0.9844542824221728
UGC07866,7,7,1.343988417059153,9.471814199129932,8.12782578207078,10,4.57,0.23,2,44.0,5.0,0.124,0.004,0.95,21.92,0.61,97.46,0.118,3.3,0.0,0.0,2,"Sw09,Sw02",0.7943282347242815,hyperleda_vizier,38.85942296267323,1.1071810094553889,10.71810094553889,hyperleda_vizier,review,large_velocity_shift,,,,,,,0.0503282275711159,5.032822757111597,0.9516129032258064,0.3171190540177371,acm_better_102,7,2.32,205.6356,4.574170683060172,1.7303282678495715,1.7745552667093063,3.709264311200755,4.0558954238790985,0.0182934289406455,0.9817065710593544
UGC06930,10,10,7.65198403871184,15.585615598624385,7.933631559912543,7,18.0,2.5,4,32.0,5.0,8.932,0.14,4.38,73.93,3.94,189.16,3.237,16.76,107.2,5.1,1,"VS01,SV98",0.8709635899560807,hyperleda_vizier,30.2755184755589,1.0510962178294154,5.109621782941543,hyperleda_vizier,review,faceon_sensitive,,,,,,,0.1388888888888889,13.88888888888889,0.3624048365427675,0.2085212193048004,acm_better_102,9,13.94,1812.2049,2.5441229707430435,0.9406453527252256,0.7387388863588221,3.5928775259823404,2.1782439511718312,0.0212957335873295,0.9787042664126704
NGC5005,18,18,14.853430175966148,22.507271138564768,7.65384096259862,4,16.9,1.5,5,68.0,2.0,178.72,0.494,3.97,1789.91,9.45,96.57,1.28,10.41,262.2,20.7,1,Ri15,0.3801893963205612,hyperleda_vizier,69.21631902672088,0.9917181474492052,-0.8281852550794833,hyperleda_vizier,ok,,,,,,,,0.0887573964497041,8.875739644970416,0.0071620411817367,0.0143333053385963,acm_better_102,18,0.98,5715.359999999999,0.7229496159095615,0.6695608428660117,0.687355671800276,3.1155424434523638,2.241206449203006,0.0082236588599921,0.991776341140008
F571-8,13,13,69.4973603090883,75.7360486670339,6.238688357945605,5,53.3,10.7,1,85.0,5.0,10.164,0.412,1.4,825.71,3.56,87.26,1.782,24.55,139.7,4.3,1,"dB01,dB96",,hyperleda_not_found,90.0,0.9961946980917455,-0.3805301908254455,catalog_inclination_proxy,missing,missing_ba_obs,,,,,,,0.2007504690431519,20.0750469043152,0.1753246753246753,0.1406072465597778,acm_better_102,13,11.1,139.24,3.289508626849756,0.7240217678302155,0.93494348625293,0.9472681086841196,1.0015464354786192,0.0324325458917305,0.9675674541082696
UGC06917,11,11,8.932303655566544,14.822129775404957,5.8898261198384105,9,18.0,2.5,4,56.0,2.0,6.832,0.12,4.52,53.07,2.76,261.11,2.023,12.67,108.7,3.5,1,"VS01,SV98",0.5888436553555889,hyperleda_vizier,56.59021831818417,0.993152114342998,-0.6847885657002117,hyperleda_vizier,ok,,,,,,,,0.1388888888888889,13.88888888888889,0.2961065573770492,0.2655692081495485,acm_better_102,9,10.47,1358.6596,2.8595193745480967,2.1300565349981704,2.1666763456167857,3.5222112970769004,4.002413049700031,0.0260048176232342,0.9739951823767656
UGC07577,9,9,23.097801112967744,27.909679562113737,4.811878449145993,10,2.59,0.13,2,63.0,3.0,0.045,0.002,0.77,11.94,0.9,54.55,0.044,2.07,0.0,0.0,2,"Sw09,Sw02",0.6456542290346555,hyperleda_vizier,52.06172622955531,1.129753252250396,12.97532522503959,hyperleda_vizier,review,large_velocity_shift;large_inclination_delta,,,,,,,0.0501930501930502,5.01930501930502,0.9777777777777776,0.0543209876543209,acm_better_102,7,1.69,83.17439999999999,2.6350398127721,1.4401652490634569,1.459699914865734,2.4483535799043428,2.630285114960564,0.0360668265649268,0.9639331734350732
UGC05829,11,11,1.3572929029650052,5.909660366076662,4.552367463111657,10,8.64,2.59,1,34.0,10.0,0.564,0.019,2.91,10.59,1.99,63.22,1.023,7.87,0.0,0.0,2,"Sw09,Sw02",0.933254300796991,hyperleda_vizier,21.777123266311232,1.5072703411077044,50.72703411077044,hyperleda_vizier,review,large_velocity_shift;large_inclination_delta;faceon_sensitive,,,,,,,0.2997685185185185,29.976851851851848,1.8138297872340423,0.2583268099290421,acm_better_102,8,6.91,1196.4681000000005,4.591540886593774,1.737439188936624,1.5908541606256748,6.53470498990164,6.118213343862974,0.0228660082308874,0.9771339917691124
UGC07261,7,7,3.263537516959127,5.865111108534804,2.601573591575677,8,13.1,3.93,1,30.0,10.0,1.753,0.048,2.66,39.16,1.2,566.02,1.388,10.1,74.7,3.4,2,"Sw09,Sw02",0.8709635899560807,hyperleda_vizier,30.49489417243797,0.98529626975739,-1.470373024261007,hyperleda_vizier,ok,,,,,,,,0.3,30.000000000000004,0.7917855105533371,0.9638888888888888,acm_better_102,7,6.67,871.4304,8.768859227713001,3.399988810002191,2.951029824318816,2.047916970948526,1.9148928694720388,0.0221809455751677,0.9778190544248324
F568-3,18,18,7.3453776039573295,8.653198852951691,1.3078212489943617,7,82.4,8.24,1,40.0,10.0,8.346,0.592,7.47,23.81,4.99,132.08,3.195,16.14,0.0,0.0,1,"KN08,dB96",,hyperleda_not_found,41.265354184548464,0.9745891442038536,-2.5410855796146548,catalog_inclination_proxy,missing,missing_ba_obs,,,,,,,0.0999999999999999,10.0,0.3828181164629762,0.1283127376998485,acm_better_102,18,17.98,1521.0,76.92000893168597,2.2892740290775198,1.808386968588131,2.9009724260817222,2.986807948910716,0.0176326244143398,0.98236737558566
UGC05918,8,8,2.7925976446661807,3.938852360901095,1.146254716234914,10,7.66,2.3,1,46.0,5.0,0.233,0.011,2.63,5.36,1.66,24.94,0.297,5.9,0.0,0.0,2,"Sw09,Sw02",1.0,hyperleda_vizier,0.0,1.0,0.0,hyperleda_vizier,review,large_inclination_delta,,,,,,,0.300261096605744,30.02610966057441,1.2746781115879826,0.1077805196690376,acm_better_102,8,4.46,245.2356,6.386451157473664,1.5535184667065989,1.6156880725814622,5.704828658298865,6.193181441796526,0.0200471095611976,0.9799528904388024
UGC04278,25,25,4.170433541871879,5.317911467349535,1.1474779254776557,7,9.51,2.85,1,90.0,3.0,1.307,0.026,2.46,34.11,2.21,377.42,1.116,8.9,91.4,4.8,1,"dB02,Sw02",0.1318256738556407,hyperleda_vizier,90.0,1.0,0.0,hyperleda_vizier,ok,,,,,,,,0.2996845425867508,29.96845425867508,0.8538638102524867,0.2284965500296882,acm_better_102,12,6.51,1522.5604000000003,37.11806792196391,7.482023019192616,6.763882043846639,140.5379324403087,111.90313928372784,0.0273586846382399,0.97264131536176
DDO064,14,14,1.3207732467993316,1.8420780318655996,0.5213047850662678,10,6.8,2.04,1,60.0,5.0,0.157,0.007,1.2,17.41,0.69,151.65,0.211,3.49,46.1,3.9,1,"dB02,Sw02",0.3019951720402016,hyperleda_vizier,79.92308959208158,0.8795942257706197,-12.040577422938023,hyperleda_vizier,review,large_velocity_shift;large_inclination_delta,,,,,,,0.3,30.0,1.3439490445859872,0.4431842049989499,acm_better_102,11,2.98,491.5089000000001,4.034722937850732,1.256921769967004,0.976195154341064,3.766831302641308,2.803604892212963,0.0188225020526691,0.9811774979473308
UGC05750,11,11,8.53487851828735,8.94211308874722,0.4072345704598703,8,58.7,11.7,1,64.0,10.0,3.336,0.264,8.8,6.87,3.46,124.98,1.099,16.79,0.0,0.0,1,"dB01,VdH93",0.5128613839913648,hyperleda_vizier,62.45222236202669,1.0137245807715325,1.372458077153249,hyperleda_vizier,ok,,,,,,,,0.1993185689948892,19.931856899488924,0.3294364508393285,0.0918005947408867,acm_better_102,11,22.85,1366.0416,6.592319632768808,1.343234175313477,1.3461557002104183,0.3921782805519584,0.4051564639169638,0.0341657166587106,0.9658342833412894
UGCA444,36,36,5.501999752745355,2.3785959495025093,-3.1234038032428453,10,0.98,0.05,2,78.0,4.0,0.012,0.0,0.41,11.94,0.83,22.74,0.067,2.08,37.0,4.8,2,Ke07,0.3311311214825911,hyperleda_vizier,77.04083454289848,1.003712005698086,0.371200569808594,hyperleda_vizier,ok,,0.1686352887565139,D_minus_eD,False,1.3,0.5437571512558455,False,0.0510204081632653,5.1020408163265305,5.583333333333334,0.0972564958629699,gas_flat_hard31,35,2.11,247.7476,2.0131521906906764,0.6399546361946514,0.2258755405716712,5.978296321886652,2.438400868684047,0.0232877766749216,0.9767122233250785
UGC05005,11,11,10.981979035136094,6.840750550968107,-4.141228484167987,10,53.7,10.7,1,41.0,10.0,4.1,0.283,5.02,25.63,3.2,65.59,3.093,21.61,98.9,7.2,1,"dB02,VH93",0.8709635899560807,hyperleda_vizier,30.49489417243797,1.2928250280100044,29.282502801000444,hyperleda_vizier,review,large_velocity_shift;large_inclination_delta,1.673389558783545,D_minus_eD,False,1.0,0.0,False,0.1992551210428305,19.92551210428305,0.754390243902439,0.3020507812499999,gas_flat_hard31,11,28.61,1522.5604000000003,5.640487497876281,0.9013048160292432,0.5501140095283393,0.6377908200732104,0.5870680337958526,0.0284884854380046,0.9715115145619954
F579-V1,14,14,7.6144987801428305,2.710965094119458,-4.903533686023373,5,89.5,8.95,1,26.0,10.0,11.848,0.742,5.76,56.6,3.37,201.76,2.245,20.96,112.1,13.4,1,"dB01,dB96",,hyperleda_not_found,26.42353388444352,0.9850969495435464,-1.490305045645368,catalog_inclination_proxy,missing,missing_ba_obs,1.6608005402971195,D_plus_eD,False,1.3,3.0873541008251704,False,0.0999999999999999,10.0,0.1894834571235651,0.1976771830341026,gas_flat_hard31,10,15.16,1091.6416,4.122597369818033,1.6375891716129616,1.4246492847035244,2.016505879085178,1.3484300040629424,0.0326781671939538,0.9673218328060462
F563-1,17,17,7.92414219487758,1.3840760542753887,-6.540066140602191,9,48.9,9.8,1,25.0,5.0,1.903,0.17,4.61,14.22,3.52,41.77,3.2,23.47,109.9,12.5,1,"KN08,dB96",,hyperleda_not_found,25.87939546448517,0.9682458365518544,-3.1754163448145523,catalog_inclination_proxy,missing,missing_ba_obs,2.039679043862738,D_plus_eD,False,1.3,0.6618545384270753,False,0.2004089979550102,20.040899795501023,1.6815554387808724,0.2582644628099174,gas_flat_hard31,17,20.1,1248.9156000000005,4.920588221750724,1.2695042926392193,1.0237057363490436,2.1630350638358364,0.7875425470073498,0.0277000532404936,0.9722999467595064
NGC4214,14,14,8.43318290226893,1.233487852138137,-7.199695050130793,10,2.87,0.14,2,15.0,10.0,1.141,0.008,0.7,363.77,0.51,1308.67,0.486,5.84,80.1,5.8,2,Le14,0.8128305161640993,hyperleda_vizier,36.98483937191033,0.4302151953992729,-56.97848046007271,hyperleda_vizier,review,large_velocity_shift;large_inclination_delta;faceon_sensitive,1.2643395645168338,D_plus_eD,False,1.0,0.0,False,0.048780487804878,4.878048780487805,0.4259421560035056,1.868512110726644,gas_flat_hard31,14,1.04,285.9481,0.8148380875194279,0.6012040540809519,0.5461756754116607,4.788358762781291,3.850877541218676,0.0438677459235063,0.9561322540764936
F563-V2,10,10,9.54266115688799,1.6996776820939572,-7.842983474794032,10,59.7,11.9,1,29.0,10.0,2.986,0.267,4.49,23.6,2.43,146.16,2.169,11.37,116.6,9.4,1,"dB01,dB96",,hyperleda_not_found,30.046932902306075,0.968245836551854,-3.175416344814608,catalog_inclination_proxy,missing,missing_ba_obs,1.1236442442126924,D_plus_eD,False,1.3,2.175493457422508,False,0.1993299832495812,19.932998324958124,0.7263898191560616,0.3673220545648529,gas_flat_hard31,10,8.7,1565.7849,39.942295231825405,1.406100497809714,1.6995857820532656,4.449204484182132,1.640884571241065,0.0212899683297927,0.9787100316702072
NGC0024,29,29,11.585865564299263,1.111074740589926,-10.47479082370934,5,7.3,0.36,2,64.0,3.0,3.889,0.036,2.01,151.65,1.34,1182.58,0.676,7.29,106.3,7.9,1,"Di08,Ch06",0.2754228703338166,hyperleda_vizier,77.38682149534843,0.9210214612111892,-7.897853878881078,hyperleda_vizier,review,large_inclination_delta,1.1867314675217493,D_minus_eD,False,1.3,4.486388621438064,False,0.0493150684931506,4.931506849315069,0.173823605039856,0.3764758298061929,gas_flat_hard31,29,7.07,692.7424,5.717448404721868,1.6174372991540569,1.786874615905603,1.323597148355089,1.0755028401029527,0.0230923752165396,0.9769076247834604
UGC07608,8,8,12.82914481483326,0.5724500836710491,-12.256694731162211,10,8.21,2.46,1,25.0,10.0,0.264,0.012,1.6,16.48,1.5,46.65,0.535,6.73,0.0,0.0,1,"Sw09,Sw02",0.8912509381337456,hyperleda_vizier,27.92942492776477,0.9022908635462262,-9.770913645377377,hyperleda_vizier,review,faceon_sensitive,3.968838079433569,D_plus_eD,False,1.0,-1.7763568394002505e-15,False,0.2996345919610231,29.96345919610231,2.0265151515151514,0.2377777777777777,gas_flat_hard31,8,4.78,581.7744,4.839557315624817,1.9122879401794677,1.93828639591206,0.9635624811923136,0.8237482781183383,0.0277094692889094,0.9722905307110906
F565-V2,7,7,13.38885788758316,0.3553792537263577,-13.033478633856802,10,51.8,10.4,1,60.0,10.0,0.559,0.098,3.57,6.93,2.17,40.26,0.699,7.31,0.0,0.0,2,"dB97,dB96",,hyperleda_not_found,63.43494882292201,0.968245836551854,-3.1754163448145856,catalog_inclination_proxy,missing,missing_ba_obs,3.923309652436352,D_plus_eD,False,1.3,2.66385640671935,False,0.2007722007722008,20.07722007722008,1.250447227191413,0.1484423113678353,gas_flat_hard31,7,8.8,734.9521,3.07715678286708,1.3886561049429371,1.4189197660264332,0.6281290039353566,0.71136000227215,0.029737562547928,0.970262437452072
F568-V1,15,15,17.185675417925747,3.1341201853780296,-14.051555232547717,7,80.6,8.06,1,40.0,10.0,3.825,0.384,4.4,31.39,2.85,90.54,2.491,14.38,112.3,15.8,1,"dB01,dB96",,hyperleda_not_found,41.265354184548464,0.9745891442038536,-2.5410855796146548,catalog_inclination_proxy,missing,missing_ba_obs,0.9233464866092832,D_plus_eD,False,1.3,1.608065767172654,False,0.1,10.000000000000002,0.6512418300653595,0.3066789781471222,gas_flat_hard31,11,17.63,1298.1609,5.51183725787427,2.4692545324672515,3.0902181766772685,2.445337820135846,1.8754567717327608,0.0231588915997527,0.9768411084002472
KK98-251,15,15,54.89462064743294,41.07687715844669,-13.817743488986244,10,6.8,2.04,1,59.0,5.0,0.085,0.007,1.28,7.89,1.34,52.1,0.115,2.9,33.7,1.6,2,BC04,,hyperleda_not_found,62.28582314386008,0.9682458365518544,-3.1754163448145745,catalog_inclination_proxy,missing,missing_ba_obs,0.3613357712815794,D_minus_eD,False,1.3,7.718155203267948,False,0.3,30.0,1.352941176470588,0.0640454444196925,gas_flat_hard31,15,2.46,326.5249,3.945305854081556,1.026544946693928,1.025159589586873,2.969436721752128,2.991163982760397,0.0214145018579116,0.9785854981420884
ESO444-G084,7,7,34.9429744217696,19.178031997801327,-15.764942423968272,10,4.83,0.48,2,32.0,6.0,0.071,0.003,0.75,19.81,0.46,66.81,0.135,2.95,0.0,0.0,2,Co00,0.7413102413009175,hyperleda_vizier,43.88186026320149,0.7644826807437429,-23.551731925625703,hyperleda_vizier,review,large_velocity_shift;large_inclination_delta;faceon_sensitive,0.987849592669658,D_plus_eD,False,1.0,0.0,False,0.0993788819875776,9.937888198757763,1.9014084507042257,0.6379962192816635,gas_flat_hard31,7,2.32,403.6081,1.6221301958552568,0.786064879586589,0.867186287510548,1.8679643967369532,1.905824949725964,0.01798789147412,0.98201210852588
F583-1,25,25,19.65356410892842,2.0761514599618023,-17.577412648966618,9,35.4,8.85,1,63.0,5.0,0.986,0.093,3.74,11.19,2.36,60.93,2.126,15.65,85.8,3.6,1,"KN08,dB96",,hyperleda_not_found,66.95937545747276,0.968245836551854,-3.1754163448145856,catalog_inclination_proxy,missing,missing_ba_obs,5.436203611939488,D_plus_eD,False,1.3,5.239963020427098,False,0.25,25.0,2.156186612576065,0.3817150244182706,gas_flat_hard31,12,16.26,1564.2025,8.724007701096436,2.1115249825395663,2.2273871297561163,3.4393712723104475,2.8902104373356443,0.0333848145433885,0.9666151854566114
NGC2915,30,30,22.12961268636389,4.36814551189078,-17.76146717447311,11,4.06,0.2,2,56.0,4.0,0.641,0.008,0.53,347.4,0.55,313.93,0.508,7.16,83.5,6.3,2,El10,0.5370317963702527,hyperleda_vizier,60.60154970050164,0.9515746049867008,-4.842539501329912,hyperleda_vizier,ok,,0.6719042034787037,D_plus_eD,False,1.3,0.4193087479231892,False,0.0492610837438423,4.9261083743842375,0.7925117004680187,1.6793388429752063,gas_flat_hard31,30,9.7,396.00999999999993,2.0939423101034724,0.8003664469140276,0.8649269495720517,7.527194128766697,6.406579784674899,0.0541517439911529,0.945848256008847
UGC01230,11,11,22.812366021261496,4.73639337983033,-18.075972641431164,9,53.7,10.7,1,22.0,10.0,7.62,0.379,6.45,28.63,4.34,69.32,6.43,26.29,103.7,6.1,1,"dB02,VdH93",0.8912509381337456,hyperleda_vizier,27.92942492776477,0.7997858522988726,-20.021414770112745,hyperleda_vizier,review,large_velocity_shift;faceon_sensitive,3.609742231328534,D_minus_eD,False,1.3,7.467428273365437,False,0.1992551210428305,19.92551210428305,0.8438320209973753,0.3413748433816815,gas_flat_hard31,11,25.8,2170.6281000000004,5.7219242121190375,1.178791062857471,1.3225999307330143,2.0829980705999973,1.972033495710484,0.0223111954412011,0.9776888045587988
F568-1,12,12,20.95384746250671,2.5605832619094357,-18.39326420059728,5,90.7,9.7,1,26.0,5.0,6.252,0.564,7.0,20.36,5.18,57.13,4.498,16.31,0.0,0.0,1,"dB01,dB96",,hyperleda_not_found,26.42353388444352,0.9850969495435464,-1.490305045645368,catalog_inclination_proxy,missing,missing_ba_obs,1.4250142649989002,D_plus_eD,False,1.3,2.727957442664845,False,0.1069459757442116,10.694597574421168,0.7194497760716572,0.1676331599111522,gas_flat_hard31,8,13.23,2247.7081,6.154260005416439,2.008630887410965,2.0258165052696886,3.814802454537437,3.996710495144696,0.0279579807113833,0.9720420192886168
UGC05721,23,23,25.54206316550023,4.486567411392014,-21.055495754108215,7,6.18,1.85,1,61.0,5.0,0.531,0.011,0.6,233.79,0.38,913.76,0.562,6.74,79.7,6.6,1,"dB02,Sw02",0.4897788193684462,hyperleda_vizier,63.45437068457513,0.9776889097252308,-2.2311090274769074,hyperleda_vizier,ok,,9.052184590661454,D_plus_eD,False,1.3,2.9103908636015454,False,0.2993527508090615,29.935275080906155,1.0583804143126176,3.8919667590027696,gas_flat_hard31,23,5.86,614.0484,2.34820780415288,0.8194407776918361,0.6489914105748831,4.34147734370094,4.127182320520193,0.0397043748282368,0.9602956251717631
NGC3109,25,25,31.76975725522178,7.968203758293198,-23.801553496928584,9,1.33,0.07,2,70.0,5.0,0.194,0.002,1.64,11.4,1.56,140.87,0.477,6.0,66.2,2.6,1,"Be91,JC90",0.1819700858609983,hyperleda_vizier,90.0,0.9396926207859084,-6.030737921409168,hyperleda_vizier,review,large_inclination_delta,0.824794852520899,D_plus_eD,False,1.3,4.815952118824313,False,0.0526315789473684,5.2631578947368425,2.458762886597938,0.1960059171597633,gas_flat_hard31,25,6.19,377.5249,2.498737238480338,0.6175046601737535,0.7323333468097672,4.159229123632171,3.5248678004768568,0.0313804930619313,0.9686195069380686
UGC08490,30,30,26.468546327301205,0.2390569868905155,-26.22948934041069,9,4.65,0.53,2,50.0,3.0,1.017,0.012,1.14,124.98,0.67,576.54,0.72,7.8,78.6,3.8,1,"Sw09,Sw02",0.5888436553555889,hyperleda_vizier,56.59021831818417,0.9176889969167304,-8.231100308326955,hyperleda_vizier,ok,,9.23695614297088,D_plus_eD,False,1.0,0.0,False,0.1139784946236559,11.39784946236559,0.7079646017699115,1.6039206950323008,gas_flat_hard31,30,4.06,627.0015999999999,1.4506965567840158,0.672014872027614,0.6601622041980306,14.573762649592146,13.806544976830438,0.0448779047097583,0.9551220952902416
UGC06446,17,17,28.429295864064464,0.8821195813849019,-27.54717628267956,7,12.0,3.6,1,51.0,3.0,0.988,0.032,2.06,37.05,1.49,86.46,1.379,10.33,82.2,4.3,1,"VS01,SV98",0.72443596007499,hyperleda_vizier,45.01692286635052,1.0987258871768926,9.872588717689258,hyperleda_vizier,ok,,18.76479042471931,D_plus_eD,False,1.3,24.27864857473827,False,0.3,30.0,1.395748987854251,0.6211431917481195,gas_flat_hard31,16,8.28,1189.5601,4.667284739597177,1.2545737002368766,1.003142152284589,8.020526376384325,7.961781037621607,0.0222119953690574,0.9777880046309426
D564-8,6,6,68.93785688823465,35.01324775318804,-33.92460913504661,10,8.79,0.28,2,63.0,7.0,0.033,0.004,0.72,10.11,0.61,21.13,0.029,0.0,0.0,0.0,2,Tr09,,hyperleda_not_found,66.95937545747276,0.968245836551854,-3.1754163448145856,catalog_inclination_proxy,missing,missing_ba_obs,1.8529147607981784,D_minus_eD,False,1.3,6.201520937228104,False,0.0318543799772468,3.185437997724688,0.8787878787878788,0.0779360386992744,gas_flat_hard31,6,2.56,49.7025,1.8144085093508124,0.1633806182414103,0.0982805707764402,0.8876527341194395,0.8924228453426241,0.0296437204454772,0.9703562795545227
UGC06667,9,9,63.32877966666808,14.049163660408103,-49.27961600625998,6,18.0,2.5,4,89.0,1.0,1.397,0.066,3.5,18.06,5.15,614.94,0.809,8.59,83.8,3.1,1,"VS01,SV98",0.2951209226666385,hyperleda_vizier,77.09921955928279,1.0257392481636076,2.573924816360762,hyperleda_vizier,review,large_inclination_delta,4.130793138808457,D_plus_eD,False,0.7,9.331365573633846,False,0.1388888888888889,13.88888888888889,0.5790980672870437,0.0305024036195682,gas_flat_hard31,7,6.98,657.9224999999999,1.9735592698504307,0.8351335545191717,0.9006889679838268,5.608823030877954,5.825886392714328,0.0178297343372601,0.9821702656627398
UGC04325,8,8,60.79040270881053,6.927688177527673,-53.86271453128286,9,9.6,2.88,1,41.0,3.0,2.026,0.035,2.79,41.0,1.86,213.22,0.678,6.61,90.9,2.7,1,"Sw09,Sw02",0.5623413251903491,hyperleda_vizier,58.652080877419145,0.7681973847947461,-23.18026152052539,hyperleda_vizier,review,large_velocity_shift;large_inclination_delta,30.58404089145484,D_plus_eD,False,1.0,-7.105427357601002e-15,False,0.3,30.0,0.334649555774926,0.1959764134582032,gas_flat_hard31,8,5.59,855.5625,4.443943262900634,0.8605275647712701,0.7489795532453627,1.400870742790231,1.4060503676395972,0.0233994747782738,0.976600525221726
UGC08286,17,17,62.49824318848097,2.483440461586889,-60.01480272689408,6,6.5,0.21,2,90.0,3.0,1.255,0.018,2.25,39.52,1.05,1488.78,0.642,8.07,82.4,2.3,1,"Sw09,Sw02",0.1288249551693134,hyperleda_vizier,90.0,1.0,0.0,hyperleda_vizier,ok,,5.390952944250195,D_plus_eD,False,1.3,27.08099344753317,False,0.0323076923076923,3.230769230769231,0.5115537848605578,0.582312925170068,gas_flat_hard31,14,8.04,691.69,2.461693571695172,0.8832284882928848,0.6036735987971369,12.121617515854078,12.652233052246558,0.0252655772740881,0.974734422725912
UGC07399,10,10,122.18766446905468,33.40664662913275,-88.78101783992193,8,8.43,2.53,1,55.0,3.0,1.156,0.024,1.27,113.98,1.64,135.78,0.745,7.85,103.0,3.3,1,"Sw09,Sw02",0.72443596007499,hyperleda_vizier,45.39375142343099,1.1505761057440462,15.057610574404624,hyperleda_vizier,review,large_velocity_shift,21.19122502676501,D_plus_eD,False,1.3,40.16974348594183,False,0.3001186239620403,30.01186239620403,0.6444636678200693,0.2769928613920286,gas_flat_hard31,10,6.13,652.8025,2.6798565177705838,0.6265497477682882,0.5688344089275645,3.7945673673736975,4.644484021091639,0.0326778246186972,0.9673221753813028
UGC02259,8,8,99.2552825291094,5.616573582884248,-93.63870894622517,8,10.5,3.1,1,41.0,3.0,1.725,0.038,2.4,47.08,1.62,172.52,0.494,7.28,86.2,2.9,2,"Be91,Ca88",0.6918309709189365,hyperleda_vizier,48.22268456456979,0.8797425029342326,-12.025749706576738,hyperleda_vizier,review,large_velocity_shift,75.03404759056787,D_plus_eD,False,1.0,0.0,False,0.2952380952380952,29.52380952380953,0.2863768115942028,0.1882335009907026,gas_flat_hard31,8,7.13,711.8224,3.763593300983405,0.7877807690598011,0.8531034639510735,4.002057303550709,4.621421993434171,0.022052718055676,0.977947281944324
UGCA442,8,8,213.38202637909995,7.373758880938282,-206.00826749816164,9,4.35,0.22,2,64.0,7.0,0.14,0.005,1.71,7.6,1.18,116.1,0.263,4.37,56.4,2.1,1,Co00,0.1737800828749375,hyperleda_vizier,90.0,0.898794046299167,-10.120595370083295,hyperleda_vizier,review,large_velocity_shift;large_inclination_delta,30.5943470901029,D_minus_eD,False,0.7,116.56903782265138,False,0.0505747126436781,5.057471264367817,1.8785714285714288,0.188882505027291,gas_flat_hard31,8,3.79,520.7524,1.4825569683383597,1.1471607251708391,1.363093012940949,2.042234076223264,2.163498875162228,0.0167327338716473,0.9832672661283526
UGC02487,17,17,513.5913866562636,8.955995343358415,-504.63539131290514,0,69.1,10.4,1,36.0,5.0,489.955,4.061,9.63,818.14,7.89,1150.35,17.963,40.2,332.0,3.5,1,"No07,No05",0.7762471166286917,hyperleda_vizier,39.42127937958152,0.925620617154188,-7.437938284581214,hyperleda_vizier,review,faceon_sensitive,314.4110814877103,D_plus_eD,False,1.3,42.5096430146923,False,0.150506512301013,15.050651230101304,0.0366625506424059,0.2885525146942834,gas_flat_hard31,13,70.33,2160.3904,1.7806627077281296,1.245305925983358,1.429059641192033,8.003330985338469,7.529102692645441,0.0370213460229273,0.9629786539770726
UGC11820,10,10,917.5977467473818,219.8377106854547,-697.7600360619272,9,18.1,5.43,1,45.0,10.0,0.97,0.047,2.74,20.18,2.08,34.11,1.977,12.99,0.0,0.0,1,"KN08,vZ97",0.831763771102671,hyperleda_vizier,34.983151548424075,1.2333210538113182,23.33210538113181,hyperleda_vizier,review,large_velocity_shift;large_inclination_delta,369.6512150330717,D_minus_eD,False,1.0,-1.1368683772161605e-13,False,0.2999999999999999,29.999999999999996,2.0381443298969075,0.4569619082840236,gas_flat_hard31,9,10.52,1274.4900000000002,15.504942126104174,1.01781612038685,0.6578006080798353,1.839404270100839,1.379749759317845,0.0211288483732982,0.9788711516267016
UGC00191,9,9,1187.604441403521,126.38972511505942,-1061.2147162884614,9,17.1,5.1,1,45.0,5.0,2.004,0.063,2.5,50.21,1.58,207.41,1.343,10.03,0.0,0.0,1,"KN08,vZ97",0.7762471166286917,hyperleda_vizier,40.62489186276407,1.0860120076844162,8.601200768441618,hyperleda_vizier,ok,,605.7631075685035,D_minus_eD,False,1.0,0.0,False,0.2982456140350876,29.824561403508763,0.6701596806387226,0.5379746835443037,gas_flat_hard31,9,9.98,1137.0384,29.202973758568543,1.5141740158111066,1.8115356591163303,1.4241451810085486,1.9864032983512925,0.022927550577769,0.9770724494222308
UGC05764,10,10,1250.7678822212708,137.3505917184253,-1113.4172905028456,10,7.47,2.24,1,60.0,10.0,0.085,0.006,1.2,9.31,1.17,33.79,0.163,3.51,0.0,0.0,2,vZ97,0.3890451449942806,hyperleda_vizier,72.06948450968507,0.9102349968485576,-8.976500315144243,hyperleda_vizier,review,large_inclination_delta,197.5825672903877,D_plus_eD,False,0.7,47.09791052769288,False,0.2998661311914324,29.986613119143247,1.9176470588235293,0.1190737088172985,gas_flat_hard31,10,2.9,428.9041,3.551451616279061,0.6396254804842965,0.6314109057892222,3.3076135146618606,3.0490832988825387,0.0210868125292674,0.9789131874707324
F571-V1,7,7,4.518262851649836,4.06479897002139,-0.453463881628446,7,80.1,8.0,1,30.0,10.0,1.849,0.267,4.38,15.3,2.47,64.39,1.217,10.1,83.6,3.5,2,"dB97,dB96",,hyperleda_not_found,30.866315454857165,0.9745891442038538,-2.541085579614621,catalog_inclination_proxy,missing,missing_ba_obs,1.3029128472655902,D_plus_eD,True,,,,0.0998751560549313,9.987515605493137,0.658193618171985,0.1994787654280515,geom_hostage_22,7,11.66,949.2561,2.391504484782245,0.8244327094516455,0.8519875921966089,3.70794289492716,4.179886364077841,0.0222343624140525,0.9777656375859476
UGC01281,25,25,3.910802487778962,3.3091733011506124,-0.6016291866283496,8,5.27,0.24,2,90.0,1.0,0.353,0.009,2.01,13.83,1.63,135.78,0.294,5.26,55.2,3.5,1,"dB02,Sw02",0.1819700858609983,hyperleda_vizier,90.0,1.0,0.0,hyperleda_vizier,ok,,0.9738988285396548,D_plus_eD,True,,,,0.0455407969639468,4.554079696394687,0.8328611898016998,0.1106552749444841,geom_hostage_22,16,4.99,418.6116,2.911431910356424,1.0090722259741904,1.20016867709077,4.036598505873646,4.028000655471108,0.0422473166401619,0.957752683359838
UGC12632,15,15,18.536665973497744,17.849308915902956,-0.687357057594788,9,9.77,2.93,1,46.0,3.0,1.301,0.03,3.94,13.09,2.42,66.81,1.744,12.6,71.7,2.8,1,"Sw09,Sw02",0.7413102413009175,hyperleda_vizier,43.88186026320149,1.0377483062902066,3.774830629020665,hyperleda_vizier,ok,,40.59337159184576,D_plus_eD,True,,,,0.2998976458546571,29.98976458546572,1.3405073020753266,0.2977938665391708,geom_hostage_22,15,10.66,986.5881,5.828531472036042,1.9028660537516555,1.723955659654104,5.571706972539251,4.912493605439172,0.0264115841416053,0.9735884158583946
NGC0300,25,25,8.31477220064378,7.465378508142602,-0.8493936925011782,7,2.08,0.1,2,42.0,10.0,2.922,0.008,1.77,147.51,1.75,437.35,0.936,9.2,93.3,7.0,2,"Sa96,CP90",0.6456542290346555,hyperleda_vizier,51.585877016284414,0.8539836238553554,-14.601637614464458,hyperleda_vizier,review,large_velocity_shift,1.434670784752652,D_plus_eD,True,,,,0.048076923076923,4.807692307692308,0.3203285420944559,0.3056326530612245,geom_hostage_22,22,7.71,796.9329,3.533652741787684,1.3408321327335877,1.1505146204600578,14.385478828810172,11.85299872947284,0.0126676657745,0.9873323342255
UGC10310,7,7,10.778833431585625,9.299833046020575,-1.479000385565049,9,15.2,4.6,1,34.0,6.0,1.741,0.053,3.12,28.37,1.8,158.79,1.196,9.58,71.4,3.9,1,"Sw09,Sw02",0.7943282347242815,hyperleda_vizier,38.85942296267323,0.8912694205871889,-10.873057941281106,hyperleda_vizier,review,large_velocity_shift;faceon_sensitive,10.624531039182296,D_plus_eD,True,,,,0.3026315789473684,30.26315789473684,0.6869615163699023,0.3691358024691357,geom_hostage_22,7,7.74,954.81,5.437948360839998,1.557463260102875,1.5001626724561614,4.817644915230765,5.321549886620984,0.0191341688822426,0.9808658311177574
UGC07603,12,12,6.967064147830744,3.63004877111533,-3.337015376715413,7,4.7,1.41,1,78.0,3.0,0.376,0.008,0.85,81.81,0.53,520.99,0.258,4.37,61.6,2.8,1,"Sw09,Sw02",0.3311311214825911,hyperleda_vizier,75.50905899855253,1.0102876642816767,1.0287664281676712,hyperleda_vizier,ok,,15.963345789243723,D_plus_eD,True,,,,0.3,30.0,0.6861702127659575,0.9184763260946956,geom_hostage_22,12,2.05,319.3369,2.292281117366663,0.6201364037955868,0.7096499070716575,4.023648699562799,3.765616930033708,0.0188832963466053,0.9811167036533948
UGC06399,9,9,7.573476184290878,3.716348450458761,-3.857127733832117,9,18.0,2.5,4,75.0,2.0,2.296,0.072,3.45,30.82,2.05,311.05,0.674,8.8,85.0,3.8,1,"VS01,SV98",0.2691534803926916,hyperleda_vizier,84.08874822543012,0.9710894863702564,-2.8910513629743617,hyperleda_vizier,ok,,6.476104743179889,D_plus_eD,True,,,,0.1388888888888889,13.88888888888889,0.2935540069686411,0.1603807257584771,geom_hostage_22,9,7.85,668.7396,4.326646689334253,1.456867040030572,1.327760606851331,2.981253355091269,3.277043069850428,0.0244638521552088,0.9755361478447911
ESO563-G021,30,30,31.499952403865745,25.773398669048422,-5.7265537348173225,4,60.8,9.1,1,83.0,3.0,311.177,2.579,10.59,429.37,5.45,6558.89,24.298,55.71,314.6,11.7,1,SG06,0.165958690743756,hyperleda_vizier,85.42514298825088,0.995718534782276,-0.4281465217723879,hyperleda_vizier,ok,,38.46163654319122,D_plus_eD,True,,,,0.1496710526315789,14.967105263157896,0.0780841771724773,0.818045619055635,geom_hostage_22,19,37.3,4010.6889,3.6529470138870015,1.5584997389044528,0.5770212199170466,21.021571296885988,18.489780386799808,0.0149982727231431,0.9850017272768568
UGC07524,31,31,26.9600189912366,21.12593247850145,-5.834086512735144,9,4.74,0.24,2,46.0,3.0,2.436,0.025,3.61,29.71,3.46,106.86,1.779,12.11,79.5,3.6,1,"Sw09,Sw02",0.3715352290971725,hyperleda_vizier,73.50951188899951,0.750197781628335,-24.980221837166503,hyperleda_vizier,review,large_velocity_shift;large_inclination_delta,8.380969637333944,D_plus_eD,True,,,,0.050632911392405,5.063291139240507,0.7302955665024631,0.148601690667914,geom_hostage_22,27,10.69,1194.3936,3.733915311174541,1.793910822664458,1.98177161690294,5.770598471174984,5.765205799764116,0.0267091055561527,0.9732908944438472
NGC6674,15,15,226.4537395153391,213.43261284592865,-13.021126669410478,3,51.2,10.2,1,54.0,6.0,214.654,1.977,7.75,560.83,6.04,1370.35,32.165,50.02,241.3,4.9,1,"Sa96,Br92",0.5128613839913648,hyperleda_vizier,59.85074748787034,0.9355826173362528,-6.441738266374708,hyperleda_vizier,ok,,570.2731586628815,D_plus_eD,True,,,,0.1992187499999999,19.921875,0.1498457983545613,0.8816773387132143,geom_hostage_22,11,62.48,2602.0201,1.3493179489321208,0.9035888382408872,0.5885596844113508,6.911761203926782,4.949163771665248,0.0113433371314994,0.9886566628685004
UGC06983,17,17,14.788867117070334,3.1498152424551904,-11.639051874615143,6,18.0,2.5,4,49.0,1.0,5.298,0.102,3.95,53.56,3.21,121.57,2.967,16.07,109.0,5.8,1,"VS01,SV98",0.7762471166286917,hyperleda_vizier,40.0280127852857,1.173436094558706,17.343609455870613,hyperleda_vizier,review,large_velocity_shift,12.498158185050803,D_plus_eD,True,,,,0.1388888888888889,13.88888888888889,0.5600226500566251,0.2879436340874021,geom_hostage_22,14,13.94,1676.9025,2.66353619327525,0.7925724742908303,0.5416269582887878,5.418975737844108,5.424631377803529,0.0183923039633329,0.9816076960366672
ESO116-G012,15,15,27.08115377739804,10.358717630289371,-16.722436147108667,7,13.0,3.9,1,74.0,3.0,4.292,0.071,2.75,90.54,1.51,1320.78,1.083,9.58,109.1,3.1,1,Ge04,0.2344228815319922,hyperleda_vizier,85.93282461908302,0.9636886687915154,-3.631133120848462,hyperleda_vizier,review,large_inclination_delta,70.06583939352112,D_plus_eD,True,,,,0.3,30.0,0.2523299161230196,0.4749791675803693,geom_hostage_22,12,9.09,1259.5401000000002,2.9888136658343067,1.0895117752120111,1.1700975722248912,7.902869398144709,7.451790684447498,0.030564741196123,0.969435258803877
UGC05986,15,15,24.756266425372925,7.477970270176922,-17.278296155196003,9,8.63,2.59,1,90.0,3.0,4.695,0.048,3.12,76.71,1.67,1725.16,2.667,16.53,113.0,4.1,2,"Sw09,Sw02",0.239883291901949,hyperleda_vizier,90.0,1.0,0.0,hyperleda_vizier,ok,,55.04824352542025,D_plus_eD,True,,,,0.3001158748551564,30.01158748551564,0.5680511182108625,0.9562910107927856,geom_hostage_22,12,9.41,772.2841,1.829815142737215,1.0850338507212416,0.4817459896947405,11.92695526880486,10.162224403467608,0.0320450774770199,0.96795492252298
UGC08550,11,11,31.57167426765612,4.818442045242661,-26.75323222241346,7,6.7,2.0,1,90.0,3.0,0.289,0.009,1.01,45.38,0.45,1284.78,0.288,5.59,56.9,1.9,1,"Sw09,Sw02",0.239883291901949,hyperleda_vizier,84.94712241265873,1.0039013222935245,0.3901322293524467,hyperleda_vizier,ok,,37.825954171741415,D_plus_eD,True,,,,0.2985074626865671,29.850746268656717,0.9965397923875432,1.422222222222222,geom_hostage_22,11,5.36,485.7616,2.9953671864911566,1.65360230919468,1.606221073570559,7.643032076604555,6.996580351645687,0.0313070023211743,0.9686929976788256
NGC5033,22,22,170.14884593276278,140.75390073636106,-29.39494519640172,5,15.7,4.7,1,66.0,1.0,110.509,0.407,2.94,2036.24,5.16,614.94,11.314,29.53,194.2,3.6,1,"Sa96,Be87",0.4265795188015926,hyperleda_vizier,66.65465406144807,0.995003352518053,-0.4996647481946947,hyperleda_vizier,ok,,518.2062967371031,D_plus_eD,True,,,,0.2993630573248408,29.93630573248408,0.1023808015636735,0.4249293912625443,geom_hostage_22,22,26.25,3404.7225000000003,3.393770690611144,1.1491424857523282,1.129624154859748,4.130725042972002,1.5683232620268477,0.0171190749491561,0.9828809250508438
DDO170,8,8,271.41558448575205,238.33805172486893,-33.07753276088312,10,15.4,4.62,1,66.0,7.0,0.543,0.03,3.03,9.39,1.95,73.93,0.735,9.14,60.0,1.6,2,"Be91,La90",0.309029543251359,hyperleda_vizier,79.18639690103143,0.9300607934455452,-6.993920655445485,hyperleda_vizier,review,large_inclination_delta,84.76958432261284,D_plus_eD,True,,,,0.3,30.0,1.3535911602209945,0.1932938856015779,geom_hostage_22,8,9.34,761.7600000000001,2.120169513474557,0.6340745802466061,0.6625424614526523,3.348671770097762,3.329362335619835,0.0212652243218619,0.978734775678138
UGC12732,16,16,43.33253265882082,8.027392011994321,-35.305140646826494,9,13.2,4.0,1,39.0,6.0,1.667,0.048,3.12,26.84,1.98,120.46,3.66,17.41,0.0,0.0,1,"Sw09,Sw02",0.9120108393559098,hyperleda_vizier,25.063201274559045,1.4855855950654044,48.55855950654045,hyperleda_vizier,review,large_velocity_shift;large_inclination_delta;faceon_sensitive,53.75973388102709,D_plus_eD,True,,,,0.303030303030303,30.303030303030305,2.1955608878224355,0.933578206305479,geom_hostage_22,14,15.4,1883.56,5.122882069364303,2.150853632637024,2.297165462968941,4.429456392615796,5.44431999790906,0.0270739835544723,0.9729260164455276
NGC5985,33,33,120.5434219035417,20.2425163073586,-100.3009055961831,3,39.7,9.9,1,60.0,2.0,208.728,1.538,10.71,288.95,7.01,1461.61,11.586,39.5,293.6,8.6,1,"Bl04,Br92",0.5011872336272722,hyperleda_vizier,60.64947875565176,0.9935615306158384,-0.6438469384161594,hyperleda_vizier,ok,,120.65411142012816,D_plus_eD,True,,,,0.2493702770780856,24.93702770780856,0.0555076463148212,0.235774855973024,geom_hostage_22,21,34.72,2262.9049,2.6922164180345427,1.640745190624309,1.6377698526623303,7.006217000907818,6.157796474094393,0.0404618827374915,0.9595381172625084
UGC06786,45,45,235.4848756230469,25.83726042862941,-209.64761519441748,0,29.3,7.32,1,64.0,3.0,73.407,0.676,3.42,992.73,3.6,1078.52,5.03,20.31,219.4,7.8,1,"No07,No05",0.4897788193684462,hyperleda_vizier,61.42510510033484,1.0234588716154829,2.345887161548288,hyperleda_vizier,ok,,244.40978507423733,D_plus_eD,True,,,,0.2498293515358361,24.982935153583615,0.0685220755513779,0.3881172839506173,geom_hostage_22,40,19.23,1284.5056000000002,10.53714913724504,1.510900909855558,1.1697097476256175,7.322766218254219,2.9785937067260555,0.0192139106204003,0.9807860893795995
UGC05716,12,12,336.01913312153187,72.20262015681799,-263.81651296471387,9,21.3,5.3,1,54.0,10.0,0.588,0.042,1.84,27.59,1.14,90.54,1.094,10.64,73.1,1.2,2,vZ97,0.72443596007499,hyperleda_vizier,45.39375142343099,1.1363404747120265,13.63404747120265,hyperleda_vizier,review,large_velocity_shift,459.5541079655917,D_plus_eD,True,,,,0.2488262910798122,24.88262910798122,1.860544217687075,0.8417974761465068,geom_hostage_22,12,10.34,866.1249,3.8655357607039216,0.8199210504851181,0.8279001860470641,4.493039818121076,4.6508477446044125,0.0207651722471051,0.9792348277528948
UGC06787,71,71,420.0852963522944,86.07622687516174,-334.00906947713264,2,21.3,5.32,1,66.0,3.0,98.256,0.543,2.88,1891.6,5.37,429.37,5.03,26.44,248.1,4.8,2,"No07,No05",0.6165950018614822,hyperleda_vizier,52.467781239696,1.1519961005524924,15.199610055249234,hyperleda_vizier,review,large_velocity_shift;large_inclination_delta,436.59628023937614,D_plus_eD,True,,,,0.2497652582159624,24.976525821596248,0.0511928024751669,0.1744292902496454,geom_hostage_22,43,26.82,1428.0841,4.735199310013246,1.3257087264948113,0.8965217489691462,9.676953478219932,5.978739419258572,0.032056378826585,0.9679436211734148
UGC00128,22,22,768.3401412017624,292.97248307608885,-475.3676581256736,8,64.5,9.7,1,57.0,10.0,12.02,0.565,9.63,20.36,5.95,88.89,7.431,31.27,129.3,2.8,1,"VB99,VH93",0.8709635899560807,hyperleda_vizier,30.49489417243797,1.652677964303876,65.2677964303876,hyperleda_vizier,review,large_velocity_shift;large_inclination_delta,737.6165450458525,D_plus_eD,True,,,,0.1503875968992248,15.03875968992248,0.6182196339434276,0.2099004307605395,geom_hostage_22,22,31.25,2034.01,2.71490665611794,0.952782244557044,0.9001080341019332,5.496817450920385,4.29688513544134,0.0141283701789585,0.9858716298210414
NGC3741,21,21,10.77777059618004,3.091601071763121,-7.68616952441692,10,3.21,0.17,2,70.0,4.0,0.028,0.001,0.32,42.94,0.2,143.49,0.182,4.2,50.1,2.1,1,"Ge07,Bm05",0.7762471166286917,hyperleda_vizier,40.62489186276407,1.4432296462968075,44.32296462968075,hyperleda_vizier,review,large_velocity_shift;large_inclination_delta,0.506220093568726,D_plus_eD,False,1.3,16.201374493607112,True,0.0529595015576324,5.29595015576324,6.5,4.549999999999999,stellar_hostage_9,21,5.14,192.0996,2.400552617726084,0.6002536028964047,0.5298311711965162,1.610572579375851,1.2149208123074433,0.0395415105534828,0.9604584894465172
F574-1,14,14,15.394353108251428,5.676126886053242,-9.718226222198188,7,96.8,9.68,1,65.0,10.0,6.537,0.596,5.87,29.98,4.46,128.48,3.524,16.19,97.8,4.1,1,"dB01,dB96",,hyperleda_not_found,68.42520153987101,0.9745891442038536,-2.541085579614633,catalog_inclination_proxy,missing,missing_ba_obs,9.462624522481644,D_plus_eD,False,1.3,9.911681491472672,True,0.1,10.0,0.5390852072816277,0.1771602083291439,stellar_hostage_9,14,12.6,901.2004,16.603917742092044,2.7833106333969844,2.8930548725998837,1.4184454115164105,1.0941987647532176,0.0244838029510339,0.975516197048966
UGC12506,31,31,13.19314131060773,3.0654991119327804,-10.12764219867495,6,100.6,10.1,1,86.0,4.0,139.571,3.214,12.36,144.82,7.38,5608.28,35.556,59.01,234.0,16.8,2,Ha14,0.1778279410038923,hyperleda_vizier,90.0,0.9975640502598242,-0.2435949740175802,hyperleda_vizier,ok,,6.901453695991764,D_plus_eD,False,1.3,11.741965360099304,True,0.1003976143141153,10.03976143141153,0.2547520616747031,0.6528301055368277,stellar_hostage_9,31,49.99,6821.1081,2.574257218283135,1.765283848868599,1.294257988956787,21.079994272607543,20.45791213839002,0.0424496740300978,0.957550325969902
NGC1705,14,14,29.131494129021693,3.537813274470795,-25.593680854550897,11,5.73,0.29,2,80.0,10.0,0.533,0.01,0.49,347.4,0.39,587.26,0.139,2.36,71.9,4.3,3,Le14,0.7762471166286917,hyperleda_vizier,40.62489186276407,1.512519853419154,51.25198534191539,hyperleda_vizier,review,large_velocity_shift;large_inclination_delta,1.5449228470715717,D_plus_eD,False,1.3,68.37167108370788,True,0.050610820244328,5.061082024432809,0.2607879924953096,0.9138724523339908,stellar_hostage_9,14,1.11,302.0644,0.8162445885982629,0.5941848637690675,0.537635379311439,4.714846315761646,3.81731309397409,0.0436230897206832,0.9563769102793168
UGC00731,12,12,38.74145017003469,12.824588757466074,-25.91686141256861,10,12.5,3.75,1,57.0,3.0,0.323,0.019,1.4,25.63,2.3,82.57,1.807,11.57,73.3,2.3,1,"Sw09,Sw02",0.954992586021436,hyperleda_vizier,17.839871366793364,2.7375524770252104,173.75524770252105,hyperleda_vizier,review,large_velocity_shift;large_inclination_delta,16.520529205954034,D_plus_eD,False,1.3,696.1802045372109,True,0.3,30.0,5.594427244582043,0.3415879017013233,stellar_hostage_9,12,10.0,1296.0,7.224607415620142,1.4294371320178894,0.982948210888118,5.480438544180571,4.912250649638034,0.0227886328151674,0.9772113671848326
NGC0247,26,26,87.44280122896544,44.62772133391279,-42.81507989505265,7,3.7,0.19,2,74.0,3.0,7.332,0.027,5.87,33.79,3.74,506.79,1.746,12.79,104.9,8.0,2,"Sa96,Ca90",0.251188643150958,hyperleda_vizier,83.302428368436,0.9678668124996568,-3.2133187500343108,hyperleda_vizier,ok,,26.136736870936296,D_plus_eD,False,1.3,58.043747167691016,True,0.0513513513513513,5.135135135135135,0.2381342062193126,0.1248248448625925,stellar_hostage_9,26,11.84,1369.7400999999998,6.144809747614746,1.6864984522181143,2.060898455038526,8.883131132637418,8.185643080753298,0.0161625306391047,0.9838374693608952
NGC2841,50,50,71.31992417541554,2.58015610866254,-68.739768066753,3,14.1,1.4,3,76.0,10.0,188.121,0.52,5.51,983.63,3.64,4751.49,9.775,45.12,284.8,8.6,1,"Di08,Be91",0.4897788193684462,hyperleda_vizier,61.42510510033484,1.1048780009577563,10.487800095775636,hyperleda_vizier,review,large_velocity_shift;large_inclination_delta,34.13644347204946,D_plus_eD,False,1.3,154.73942081474138,True,0.0992907801418439,9.929078014184396,0.0519612377140244,0.7377581209998793,stellar_hostage_9,41,43.08,4758.240400000001,2.709768589954083,1.2067227207401818,1.3251118869240344,15.500326116934035,16.035322946939907,0.0816369015326934,0.9183630984673066
NGC7814,18,18,104.80736163913464,23.4452759492172,-81.36208568991745,2,14.4,0.66,2,90.0,1.0,74.529,0.343,2.08,2709.13,2.54,2635.3,1.07,12.15,218.9,7.0,1,Fr11,0.4466835921509631,hyperleda_vizier,64.31680760317177,1.1096264363867785,10.96264363867785,hyperleda_vizier,review,large_velocity_shift;large_inclination_delta,26.8692594670606,D_plus_eD,False,1.3,301.3042600015909,True,0.0458333333333333,4.583333333333334,0.0143568275436407,0.1658503317006634,stellar_hostage_9,12,17.36,549.4336000000001,2.53757680952917,1.4570951140449877,1.0918809861597032,16.016128617482668,14.50502073026782,0.0221135373551283,0.9778864626448716
DDO154,12,12,581.0642660186569,198.8043298683648,-382.2599361502921,10,4.04,0.2,2,64.0,3.0,0.053,0.002,0.65,19.99,0.37,71.26,0.275,4.96,47.0,1.0,2,"Be91,CB89",0.7413102413009175,hyperleda_vizier,43.88186026320149,1.2966361638985842,29.66361638985841,hyperleda_vizier,review,large_velocity_shift;large_inclination_delta,94.83765349450516,D_plus_eD,False,1.3,1602.3702291389786,True,0.0495049504950495,4.950495049504951,5.188679245283019,2.008765522279036,stellar_hostage_9,12,3.95,320.7681,2.0481532880734408,0.6280319910083658,0.675321280419384,2.47107880316877,2.2654318605724395,0.0237375348955821,0.9762624651044178
